date_time,heart_zone_id,total_minutes
2021-06-01T19:13,FAT_BURN,1
2021-06-01T19:14,FAT_BURN,1
2021-06-01T19:15,FAT_BURN,1
2021-06-01T19:16,FAT_BURN,1
2021-06-01T19:17,FAT_BURN,1
2021-06-01T19:18,FAT_BURN,1
2021-06-01T19:19,FAT_BURN,1
2021-06-01T19:20,FAT_BURN,1
2021-06-01T19:22,FAT_BURN,1
2021-06-01T19:23,FAT_BURN,1
2021-06-01T19:24,FAT_BURN,1
2021-06-01T19:50,FAT_BURN,1
2021-06-01T21:00,FAT_BURN,1
2021-06-01T21:01,FAT_BURN,1
2021-06-01T21:02,FAT_BURN,1
2021-06-01T21:03,FAT_BURN,1
2021-06-01T21:04,FAT_BURN,1
2021-06-01T21:05,FAT_BURN,1
2021-06-01T21:17,FAT_BURN,1
2021-06-01T21:18,CARDIO,2
2021-06-01T21:19,CARDIO,2
2021-06-01T21:20,FAT_BURN,1
2021-06-01T21:21,FAT_BURN,1
2021-06-01T21:22,FAT_BURN,1
2021-06-01T21:23,FAT_BURN,1
2021-06-01T21:24,FAT_BURN,1
2021-06-01T21:25,FAT_BURN,1
2021-06-01T21:26,FAT_BURN,1
2021-06-01T21:27,FAT_BURN,1
2021-06-01T21:28,FAT_BURN,1
2021-06-01T21:29,FAT_BURN,1
2021-06-01T21:30,FAT_BURN,1
2021-06-01T21:31,FAT_BURN,1
2021-06-01T22:00,FAT_BURN,1
2021-06-01T22:01,FAT_BURN,1
2021-06-01T22:02,FAT_BURN,1
2021-06-01T22:04,FAT_BURN,1
2021-06-01T22:05,FAT_BURN,1
2021-06-01T22:07,FAT_BURN,1
2021-06-01T22:09,FAT_BURN,1
2021-06-01T22:10,FAT_BURN,1
2021-06-01T22:11,FAT_BURN,1
2021-06-01T22:12,FAT_BURN,1
2021-06-01T22:19,FAT_BURN,1
2021-06-01T22:20,FAT_BURN,1
2021-06-01T22:22,FAT_BURN,1
2021-06-02T18:33,FAT_BURN,1
2021-06-02T18:34,FAT_BURN,1
2021-06-02T18:35,FAT_BURN,1
2021-06-02T18:36,FAT_BURN,1
2021-06-02T18:37,FAT_BURN,1
2021-06-02T18:38,FAT_BURN,1
2021-06-02T18:39,FAT_BURN,1
2021-06-02T18:40,FAT_BURN,1
2021-06-02T18:41,FAT_BURN,1
2021-06-02T18:42,FAT_BURN,1
2021-06-02T18:43,FAT_BURN,1
2021-06-02T18:44,FAT_BURN,1
2021-06-02T18:45,FAT_BURN,1
2021-06-02T18:46,FAT_BURN,1
2021-06-02T18:47,FAT_BURN,1
2021-06-02T18:48,FAT_BURN,1
2021-06-02T18:49,FAT_BURN,1
2021-06-02T18:50,FAT_BURN,1
2021-06-02T18:51,FAT_BURN,1
2021-06-02T18:52,FAT_BURN,1
2021-06-02T18:53,FAT_BURN,1
2021-06-02T18:54,FAT_BURN,1
2021-06-02T18:55,FAT_BURN,1
2021-06-02T18:56,FAT_BURN,1
2021-06-02T18:57,FAT_BURN,1
2021-06-02T18:58,FAT_BURN,1
2021-06-02T18:59,FAT_BURN,1
2021-06-02T19:00,FAT_BURN,1
2021-06-02T19:01,FAT_BURN,1
2021-06-02T19:02,FAT_BURN,1
2021-06-02T19:03,FAT_BURN,1
2021-06-02T19:04,FAT_BURN,1
2021-06-02T19:05,FAT_BURN,1
2021-06-02T19:06,FAT_BURN,1
2021-06-02T19:07,FAT_BURN,1
2021-06-02T19:08,FAT_BURN,1
2021-06-02T19:09,FAT_BURN,1
2021-06-02T19:10,FAT_BURN,1
2021-06-02T19:11,FAT_BURN,1
2021-06-02T19:12,FAT_BURN,1
2021-06-02T19:13,FAT_BURN,1
2021-06-02T19:14,FAT_BURN,1
2021-06-02T19:15,FAT_BURN,1
2021-06-02T19:16,FAT_BURN,1
2021-06-02T19:17,FAT_BURN,1
2021-06-02T19:18,FAT_BURN,1
2021-06-02T19:19,FAT_BURN,1
2021-06-02T19:20,FAT_BURN,1
2021-06-02T19:21,FAT_BURN,1
2021-06-02T19:22,FAT_BURN,1
2021-06-02T19:23,FAT_BURN,1
2021-06-02T19:24,FAT_BURN,1
2021-06-02T19:25,FAT_BURN,1
2021-06-02T19:26,FAT_BURN,1
2021-06-02T19:27,FAT_BURN,1
2021-06-02T19:28,FAT_BURN,1
2021-06-02T19:29,FAT_BURN,1
2021-06-02T19:30,FAT_BURN,1
2021-06-02T19:31,FAT_BURN,1
2021-06-02T19:32,FAT_BURN,1
2021-06-02T19:33,FAT_BURN,1
2021-06-02T19:34,FAT_BURN,1
2021-06-02T19:35,FAT_BURN,1
2021-06-02T19:36,FAT_BURN,1
2021-06-02T19:37,FAT_BURN,1
2021-06-02T19:38,FAT_BURN,1
2021-06-02T19:39,FAT_BURN,1
2021-06-02T19:40,FAT_BURN,1
2021-06-02T19:41,FAT_BURN,1
2021-06-02T19:42,FAT_BURN,1
2021-06-02T19:43,FAT_BURN,1
2021-06-02T19:44,FAT_BURN,1
2021-06-02T19:45,FAT_BURN,1
2021-06-02T19:46,FAT_BURN,1
2021-06-02T19:47,FAT_BURN,1
2021-06-02T19:48,FAT_BURN,1
2021-06-02T19:49,FAT_BURN,1
2021-06-02T19:50,FAT_BURN,1
2021-06-02T19:51,FAT_BURN,1
2021-06-02T19:52,FAT_BURN,1
2021-06-02T19:53,FAT_BURN,1
2021-06-02T19:54,FAT_BURN,1
2021-06-02T19:55,FAT_BURN,1
2021-06-02T19:56,FAT_BURN,1
2021-06-02T19:57,FAT_BURN,1
2021-06-02T19:58,FAT_BURN,1
2021-06-02T19:59,FAT_BURN,1
2021-06-02T20:00,FAT_BURN,1
2021-06-02T20:01,FAT_BURN,1
2021-06-02T20:02,FAT_BURN,1
2021-06-02T20:03,FAT_BURN,1
2021-06-02T20:04,FAT_BURN,1
2021-06-02T20:05,FAT_BURN,1
2021-06-02T20:06,FAT_BURN,1
2021-06-02T20:07,FAT_BURN,1
2021-06-02T20:08,FAT_BURN,1
2021-06-02T20:09,FAT_BURN,1
2021-06-02T20:10,FAT_BURN,1
2021-06-02T20:11,FAT_BURN,1
2021-06-02T20:12,FAT_BURN,1
2021-06-02T20:13,FAT_BURN,1
2021-06-02T20:14,FAT_BURN,1
2021-06-02T20:15,FAT_BURN,1
2021-06-02T20:16,FAT_BURN,1
2021-06-02T20:17,FAT_BURN,1
2021-06-02T20:18,FAT_BURN,1
2021-06-02T20:19,FAT_BURN,1
2021-06-02T20:20,FAT_BURN,1
2021-06-02T20:21,FAT_BURN,1
2021-06-02T20:22,FAT_BURN,1
2021-06-02T20:23,FAT_BURN,1
2021-06-02T20:24,FAT_BURN,1
2021-06-02T20:25,FAT_BURN,1
2021-06-02T20:26,FAT_BURN,1
2021-06-02T20:27,FAT_BURN,1
2021-06-02T20:28,FAT_BURN,1
2021-06-02T20:29,FAT_BURN,1
2021-06-02T20:30,FAT_BURN,1
2021-06-02T20:31,FAT_BURN,1
2021-06-02T20:32,FAT_BURN,1
2021-06-02T20:33,FAT_BURN,1
2021-06-02T20:34,FAT_BURN,1
2021-06-02T20:35,FAT_BURN,1
2021-06-02T20:36,FAT_BURN,1
2021-06-02T20:37,FAT_BURN,1
2021-06-02T20:38,FAT_BURN,1
2021-06-02T20:39,FAT_BURN,1
2021-06-02T20:40,FAT_BURN,1
2021-06-02T20:41,FAT_BURN,1
2021-06-02T20:42,FAT_BURN,1
2021-06-02T20:43,FAT_BURN,1
2021-06-02T20:44,FAT_BURN,1
2021-06-02T20:45,FAT_BURN,1
2021-06-02T20:46,FAT_BURN,1
2021-06-02T20:47,FAT_BURN,1
2021-06-02T20:48,FAT_BURN,1
2021-06-02T20:49,FAT_BURN,1
2021-06-02T20:50,FAT_BURN,1
2021-06-02T20:51,FAT_BURN,1
2021-06-02T20:52,FAT_BURN,1
2021-06-02T20:53,FAT_BURN,1
2021-06-02T20:54,FAT_BURN,1
2021-06-02T20:55,FAT_BURN,1
2021-06-02T20:56,FAT_BURN,1
2021-06-02T20:57,FAT_BURN,1
2021-06-02T20:58,FAT_BURN,1
2021-06-02T20:59,FAT_BURN,1
2021-06-02T21:00,FAT_BURN,1
2021-06-02T21:01,FAT_BURN,1
2021-06-02T21:02,FAT_BURN,1
2021-06-02T21:03,FAT_BURN,1
2021-06-02T21:04,FAT_BURN,1
2021-06-02T21:05,FAT_BURN,1
2021-06-02T21:06,FAT_BURN,1
2021-06-02T21:07,FAT_BURN,1
2021-06-02T21:08,FAT_BURN,1
2021-06-02T21:09,FAT_BURN,1
2021-06-02T21:10,FAT_BURN,1
2021-06-02T21:11,FAT_BURN,1
2021-06-02T21:12,FAT_BURN,1
2021-06-02T21:13,FAT_BURN,1
2021-06-02T21:14,FAT_BURN,1
2021-06-02T21:15,FAT_BURN,1
2021-06-02T21:16,FAT_BURN,1
2021-06-02T21:17,FAT_BURN,1
2021-06-02T21:18,FAT_BURN,1
2021-06-02T21:19,FAT_BURN,1
2021-06-02T21:20,FAT_BURN,1
2021-06-02T21:21,FAT_BURN,1
2021-06-02T21:22,FAT_BURN,1
2021-06-02T21:23,FAT_BURN,1
2021-06-02T21:24,FAT_BURN,1
2021-06-02T21:27,FAT_BURN,1
2021-06-02T21:28,FAT_BURN,1
2021-06-02T21:29,FAT_BURN,1
2021-06-02T21:30,FAT_BURN,1
2021-06-02T21:31,FAT_BURN,1
2021-06-02T21:32,FAT_BURN,1
2021-06-02T21:33,FAT_BURN,1
2021-06-02T21:34,FAT_BURN,1
2021-06-02T21:35,FAT_BURN,1
2021-06-02T21:36,FAT_BURN,1
2021-06-02T21:37,FAT_BURN,1
2021-06-02T21:38,FAT_BURN,1
2021-06-02T21:39,FAT_BURN,1
2021-06-02T21:40,FAT_BURN,1
2021-06-02T21:41,FAT_BURN,1
2021-06-02T21:42,FAT_BURN,1
2021-06-02T21:43,FAT_BURN,1
2021-06-02T21:45,FAT_BURN,1
2021-06-02T21:46,FAT_BURN,1
2021-06-02T21:47,FAT_BURN,1
2021-06-02T21:48,FAT_BURN,1
2021-06-02T21:49,FAT_BURN,1
2021-06-02T21:50,FAT_BURN,1
2021-06-02T21:51,FAT_BURN,1
2021-06-02T21:52,FAT_BURN,1
2021-06-02T21:53,FAT_BURN,1
2021-06-02T21:54,FAT_BURN,1
2021-06-02T21:55,FAT_BURN,1
2021-06-02T21:56,FAT_BURN,1
2021-06-02T21:57,FAT_BURN,1
2021-06-02T21:58,FAT_BURN,1
2021-06-02T21:59,FAT_BURN,1
2021-06-02T22:00,FAT_BURN,1
2021-06-02T22:01,FAT_BURN,1
2021-06-02T22:02,FAT_BURN,1
2021-06-02T22:03,FAT_BURN,1
2021-06-02T22:04,FAT_BURN,1
2021-06-02T22:05,FAT_BURN,1
2021-06-02T22:06,FAT_BURN,1
2021-06-02T22:07,FAT_BURN,1
2021-06-02T22:09,FAT_BURN,1
2021-06-02T22:16,FAT_BURN,1
2021-06-02T22:20,FAT_BURN,1
2021-06-02T22:21,FAT_BURN,1
2021-06-02T22:23,FAT_BURN,1
2021-06-02T22:24,FAT_BURN,1
2021-06-02T22:25,FAT_BURN,1
2021-06-02T22:26,FAT_BURN,1
2021-06-02T22:27,FAT_BURN,1
2021-06-02T22:28,FAT_BURN,1
2021-06-02T22:31,FAT_BURN,1
2021-06-02T22:32,FAT_BURN,1
2021-06-02T22:33,FAT_BURN,1
2021-06-02T22:34,FAT_BURN,1
2021-06-02T22:37,FAT_BURN,1
2021-06-02T22:39,FAT_BURN,1
2021-06-02T22:40,FAT_BURN,1
2021-06-02T22:41,FAT_BURN,1
2021-06-02T22:42,FAT_BURN,1
2021-06-02T22:43,FAT_BURN,1
2021-06-02T22:44,FAT_BURN,1
2021-06-02T22:45,FAT_BURN,1
2021-06-02T22:46,FAT_BURN,1
2021-06-02T22:47,FAT_BURN,1
2021-06-02T22:48,FAT_BURN,1
2021-06-02T22:49,FAT_BURN,1
2021-06-02T22:50,FAT_BURN,1
2021-06-02T22:51,FAT_BURN,1
2021-06-02T22:52,FAT_BURN,1
2021-06-02T22:53,FAT_BURN,1
2021-06-02T22:55,FAT_BURN,1
2021-06-02T22:56,FAT_BURN,1
2021-06-02T22:57,FAT_BURN,1
2021-06-02T22:58,FAT_BURN,1
2021-06-02T22:59,FAT_BURN,1
2021-06-02T23:00,FAT_BURN,1
2021-06-02T23:01,FAT_BURN,1
2021-06-02T23:02,FAT_BURN,1
2021-06-02T23:04,FAT_BURN,1
2021-06-02T23:05,FAT_BURN,1
2021-06-02T23:06,FAT_BURN,1
2021-06-02T23:08,FAT_BURN,1
2021-06-02T23:09,FAT_BURN,1
2021-06-02T23:10,FAT_BURN,1
2021-06-02T23:11,FAT_BURN,1
2021-06-02T23:12,FAT_BURN,1
2021-06-02T23:13,FAT_BURN,1
2021-06-02T23:14,FAT_BURN,1
2021-06-02T23:15,FAT_BURN,1
2021-06-02T23:16,FAT_BURN,1
2021-06-02T23:17,FAT_BURN,1
2021-06-02T23:18,FAT_BURN,1
2021-06-02T23:19,FAT_BURN,1
2021-06-02T23:20,FAT_BURN,1
2021-06-02T23:21,FAT_BURN,1
2021-06-02T23:22,FAT_BURN,1
2021-06-02T23:23,FAT_BURN,1
2021-06-02T23:24,FAT_BURN,1
2021-06-02T23:25,FAT_BURN,1
2021-06-02T23:30,FAT_BURN,1
2021-06-02T23:31,FAT_BURN,1
2021-06-02T23:32,FAT_BURN,1
2021-06-02T23:33,FAT_BURN,1
2021-06-02T23:34,FAT_BURN,1
2021-06-02T23:35,FAT_BURN,1
2021-06-02T23:36,FAT_BURN,1
2021-06-02T23:37,FAT_BURN,1
2021-06-02T23:39,FAT_BURN,1
2021-06-02T23:41,FAT_BURN,1
2021-06-02T23:42,FAT_BURN,1
2021-06-02T23:43,FAT_BURN,1
2021-06-02T23:45,FAT_BURN,1
2021-06-02T23:47,FAT_BURN,1
2021-06-02T23:48,FAT_BURN,1
2021-06-02T23:49,FAT_BURN,1
2021-06-02T23:51,FAT_BURN,1
2021-06-02T23:52,FAT_BURN,1
2021-06-02T23:53,FAT_BURN,1
2021-06-02T23:54,FAT_BURN,1
2021-06-02T23:55,FAT_BURN,1
2021-06-02T23:57,FAT_BURN,1
2021-06-02T23:59,FAT_BURN,1
2021-06-03T00:02,FAT_BURN,1
2021-06-03T00:08,FAT_BURN,1
2021-06-03T00:09,FAT_BURN,1
2021-06-03T00:13,FAT_BURN,1
2021-06-03T00:27,FAT_BURN,1
2021-06-03T00:30,FAT_BURN,1
2021-06-03T00:31,FAT_BURN,1
2021-06-03T00:33,FAT_BURN,1
2021-06-03T00:34,FAT_BURN,1
2021-06-03T00:35,FAT_BURN,1
2021-06-03T00:37,FAT_BURN,1
2021-06-03T00:39,FAT_BURN,1
2021-06-03T00:40,FAT_BURN,1
2021-06-03T00:41,FAT_BURN,1
2021-06-03T00:44,FAT_BURN,1
2021-06-03T00:47,FAT_BURN,1
2021-06-03T00:53,FAT_BURN,1
2021-06-03T00:55,FAT_BURN,1
2021-06-03T01:04,FAT_BURN,1
2021-06-03T01:12,FAT_BURN,1
2021-06-03T01:13,FAT_BURN,1
2021-06-03T02:01,FAT_BURN,1
2021-06-03T02:02,FAT_BURN,1
2021-06-03T13:02,FAT_BURN,1
2021-06-03T13:06,FAT_BURN,1
2021-06-03T13:11,FAT_BURN,1
2021-06-03T13:14,FAT_BURN,1
2021-06-03T13:15,FAT_BURN,1
2021-06-03T13:17,FAT_BURN,1
2021-06-03T13:21,FAT_BURN,1
2021-06-03T13:22,FAT_BURN,1
2021-06-03T13:23,FAT_BURN,1
2021-06-03T13:28,FAT_BURN,1
2021-06-03T13:33,FAT_BURN,1
2021-06-03T13:37,FAT_BURN,1
2021-06-03T13:38,FAT_BURN,1
2021-06-03T13:39,FAT_BURN,1
2021-06-03T13:40,FAT_BURN,1
2021-06-03T13:42,FAT_BURN,1
2021-06-03T13:43,FAT_BURN,1
2021-06-03T13:44,FAT_BURN,1
2021-06-03T13:45,FAT_BURN,1
2021-06-03T14:11,FAT_BURN,1
2021-06-03T14:12,FAT_BURN,1
2021-06-03T14:13,FAT_BURN,1
2021-06-03T14:39,FAT_BURN,1
2021-06-03T14:40,FAT_BURN,1
2021-06-03T14:41,FAT_BURN,1
2021-06-03T14:42,FAT_BURN,1
2021-06-03T19:09,FAT_BURN,1
2021-06-03T19:10,CARDIO,2
2021-06-03T19:11,CARDIO,2
2021-06-03T19:12,CARDIO,2
2021-06-03T19:13,FAT_BURN,1
2021-06-03T19:14,FAT_BURN,1
2021-06-03T19:15,FAT_BURN,1
2021-06-03T19:16,FAT_BURN,1
2021-06-03T19:17,FAT_BURN,1
2021-06-03T19:18,FAT_BURN,1
2021-06-03T19:19,FAT_BURN,1
2021-06-03T19:20,FAT_BURN,1
2021-06-03T19:26,FAT_BURN,1
2021-06-03T19:27,FAT_BURN,1
2021-06-03T19:30,FAT_BURN,1
2021-06-03T19:36,FAT_BURN,1
2021-06-03T19:37,FAT_BURN,1
2021-06-03T19:44,FAT_BURN,1
2021-06-03T19:45,FAT_BURN,1
2021-06-03T19:48,FAT_BURN,1
2021-06-03T19:49,FAT_BURN,1
2021-06-03T19:50,FAT_BURN,1
2021-06-03T19:51,FAT_BURN,1
2021-06-03T19:52,FAT_BURN,1
2021-06-03T20:04,FAT_BURN,1
2021-06-03T20:05,FAT_BURN,1
2021-06-03T20:22,FAT_BURN,1
2021-06-03T20:23,FAT_BURN,1
2021-06-03T20:24,FAT_BURN,1
2021-06-03T20:25,FAT_BURN,1
2021-06-03T20:26,FAT_BURN,1
2021-06-03T20:27,FAT_BURN,1
2021-06-03T20:28,FAT_BURN,1
2021-06-03T20:29,FAT_BURN,1
2021-06-03T20:30,FAT_BURN,1
2021-06-03T20:31,FAT_BURN,1
2021-06-03T20:32,FAT_BURN,1
2021-06-03T20:33,FAT_BURN,1
2021-06-03T20:36,FAT_BURN,1
2021-06-03T20:37,FAT_BURN,1
2021-06-03T20:38,FAT_BURN,1
2021-06-03T20:40,FAT_BURN,1
2021-06-03T20:45,FAT_BURN,1
2021-06-03T20:46,FAT_BURN,1
2021-06-03T20:47,FAT_BURN,1
2021-06-03T20:56,FAT_BURN,1
2021-06-03T20:57,FAT_BURN,1
2021-06-03T21:18,FAT_BURN,1
2021-06-03T21:26,FAT_BURN,1
2021-06-03T21:30,FAT_BURN,1
2021-06-03T21:31,FAT_BURN,1
2021-06-03T21:56,FAT_BURN,1
2021-06-03T23:41,FAT_BURN,1
2021-06-04T07:49,FAT_BURN,1
2021-06-04T07:50,FAT_BURN,1
2021-06-04T07:51,FAT_BURN,1
2021-06-04T07:52,FAT_BURN,1
2021-06-04T07:53,FAT_BURN,1
2021-06-04T07:54,FAT_BURN,1
2021-06-04T07:55,FAT_BURN,1
2021-06-04T07:56,FAT_BURN,1
2021-06-04T07:57,FAT_BURN,1
2021-06-04T07:58,FAT_BURN,1
2021-06-04T07:59,FAT_BURN,1
2021-06-04T08:00,FAT_BURN,1
2021-06-04T08:01,FAT_BURN,1
2021-06-04T08:02,FAT_BURN,1
2021-06-04T08:04,FAT_BURN,1
2021-06-04T08:05,FAT_BURN,1
2021-06-04T08:06,FAT_BURN,1
2021-06-04T08:07,FAT_BURN,1
2021-06-04T08:08,FAT_BURN,1
2021-06-04T08:09,FAT_BURN,1
2021-06-04T08:10,FAT_BURN,1
2021-06-04T08:11,FAT_BURN,1
2021-06-04T08:12,FAT_BURN,1
2021-06-04T08:13,CARDIO,2
2021-06-04T08:16,FAT_BURN,1
2021-06-04T08:17,FAT_BURN,1
2021-06-04T08:18,FAT_BURN,1
2021-06-04T08:19,FAT_BURN,1
2021-06-04T08:20,FAT_BURN,1
2021-06-04T08:21,FAT_BURN,1
2021-06-04T08:22,FAT_BURN,1
2021-06-04T08:23,FAT_BURN,1
2021-06-04T08:24,FAT_BURN,1
2021-06-04T08:25,FAT_BURN,1
2021-06-04T08:26,FAT_BURN,1
2021-06-04T08:27,FAT_BURN,1
2021-06-04T08:28,FAT_BURN,1
2021-06-04T08:29,FAT_BURN,1
2021-06-04T08:30,FAT_BURN,1
2021-06-04T08:31,FAT_BURN,1
2021-06-04T08:32,FAT_BURN,1
2021-06-04T08:33,FAT_BURN,1
2021-06-04T08:34,FAT_BURN,1
2021-06-04T08:35,FAT_BURN,1
2021-06-04T08:36,FAT_BURN,1
2021-06-04T08:37,FAT_BURN,1
2021-06-04T08:38,FAT_BURN,1
2021-06-04T08:39,FAT_BURN,1
2021-06-04T08:40,FAT_BURN,1
2021-06-04T08:41,FAT_BURN,1
2021-06-04T08:42,FAT_BURN,1
2021-06-04T08:43,FAT_BURN,1
2021-06-04T08:44,FAT_BURN,1
2021-06-04T08:45,FAT_BURN,1
2021-06-04T08:46,FAT_BURN,1
2021-06-04T08:47,FAT_BURN,1
2021-06-04T08:48,FAT_BURN,1
2021-06-04T08:49,FAT_BURN,1
2021-06-04T08:50,FAT_BURN,1
2021-06-04T08:51,FAT_BURN,1
2021-06-04T08:52,FAT_BURN,1
2021-06-04T08:53,FAT_BURN,1
2021-06-04T08:54,FAT_BURN,1
2021-06-04T08:55,FAT_BURN,1
2021-06-04T08:56,FAT_BURN,1
2021-06-04T08:57,FAT_BURN,1
2021-06-04T08:58,FAT_BURN,1
2021-06-04T08:59,FAT_BURN,1
2021-06-04T09:00,FAT_BURN,1
2021-06-04T09:01,FAT_BURN,1
2021-06-04T09:02,FAT_BURN,1
2021-06-04T09:03,FAT_BURN,1
2021-06-04T09:04,FAT_BURN,1
2021-06-04T09:05,FAT_BURN,1
2021-06-04T09:06,FAT_BURN,1
2021-06-04T09:07,FAT_BURN,1
2021-06-04T09:08,FAT_BURN,1
2021-06-04T09:49,FAT_BURN,1
2021-06-04T09:50,FAT_BURN,1
2021-06-04T09:51,FAT_BURN,1
2021-06-04T09:59,FAT_BURN,1
2021-06-04T16:16,FAT_BURN,1
2021-06-04T22:38,FAT_BURN,1
2021-06-05T14:42,FAT_BURN,1
2021-06-05T14:43,FAT_BURN,1
2021-06-05T14:44,FAT_BURN,1
2021-06-05T14:45,FAT_BURN,1
2021-06-05T14:46,FAT_BURN,1
2021-06-05T14:47,FAT_BURN,1
2021-06-05T14:48,FAT_BURN,1
2021-06-05T14:49,FAT_BURN,1
2021-06-05T14:50,FAT_BURN,1
2021-06-05T14:51,FAT_BURN,1
2021-06-05T14:52,FAT_BURN,1
2021-06-05T14:53,FAT_BURN,1
2021-06-05T14:54,FAT_BURN,1
2021-06-05T14:55,FAT_BURN,1
2021-06-05T14:56,FAT_BURN,1
2021-06-05T14:57,FAT_BURN,1
2021-06-05T14:58,FAT_BURN,1
2021-06-05T14:59,FAT_BURN,1
2021-06-05T15:01,FAT_BURN,1
2021-06-05T15:02,FAT_BURN,1
2021-06-05T15:03,FAT_BURN,1
2021-06-05T15:05,FAT_BURN,1
2021-06-05T15:06,FAT_BURN,1
2021-06-05T15:07,FAT_BURN,1
2021-06-05T15:08,FAT_BURN,1
2021-06-05T15:09,FAT_BURN,1
2021-06-05T15:10,FAT_BURN,1
2021-06-05T15:11,FAT_BURN,1
2021-06-05T15:12,FAT_BURN,1
2021-06-05T15:13,FAT_BURN,1
2021-06-05T15:14,FAT_BURN,1
2021-06-05T15:15,FAT_BURN,1
2021-06-05T15:16,FAT_BURN,1
2021-06-05T15:17,FAT_BURN,1
2021-06-05T15:18,FAT_BURN,1
2021-06-05T15:19,FAT_BURN,1
2021-06-05T15:20,FAT_BURN,1
2021-06-05T15:21,FAT_BURN,1
2021-06-05T15:22,FAT_BURN,1
2021-06-05T15:23,FAT_BURN,1
2021-06-05T15:24,FAT_BURN,1
2021-06-05T15:25,FAT_BURN,1
2021-06-05T15:26,FAT_BURN,1
2021-06-05T15:27,FAT_BURN,1
2021-06-05T15:28,FAT_BURN,1
2021-06-05T15:29,FAT_BURN,1
2021-06-05T15:30,FAT_BURN,1
2021-06-05T15:31,FAT_BURN,1
2021-06-05T15:32,FAT_BURN,1
2021-06-05T15:33,FAT_BURN,1
2021-06-05T15:34,FAT_BURN,1
2021-06-05T15:35,FAT_BURN,1
2021-06-05T15:36,FAT_BURN,1
2021-06-05T15:37,FAT_BURN,1
2021-06-05T15:38,FAT_BURN,1
2021-06-05T15:39,FAT_BURN,1
2021-06-05T15:40,FAT_BURN,1
2021-06-05T15:41,FAT_BURN,1
2021-06-05T15:42,FAT_BURN,1
2021-06-05T15:43,FAT_BURN,1
2021-06-05T15:44,FAT_BURN,1
2021-06-05T15:45,FAT_BURN,1
2021-06-05T15:46,FAT_BURN,1
2021-06-05T15:47,FAT_BURN,1
2021-06-05T15:48,FAT_BURN,1
2021-06-05T15:49,FAT_BURN,1
2021-06-05T15:50,FAT_BURN,1
2021-06-05T15:51,FAT_BURN,1
2021-06-05T15:52,FAT_BURN,1
2021-06-05T15:53,FAT_BURN,1
2021-06-05T15:54,FAT_BURN,1
2021-06-05T15:55,FAT_BURN,1
2021-06-05T15:56,FAT_BURN,1
2021-06-05T15:57,FAT_BURN,1
2021-06-05T15:58,FAT_BURN,1
2021-06-05T15:59,FAT_BURN,1
2021-06-05T16:00,FAT_BURN,1
2021-06-05T16:02,FAT_BURN,1
2021-06-05T16:04,FAT_BURN,1
2021-06-05T16:05,FAT_BURN,1
2021-06-05T16:06,FAT_BURN,1
2021-06-05T16:09,FAT_BURN,1
2021-06-05T16:10,FAT_BURN,1
2021-06-05T16:11,FAT_BURN,1
2021-06-05T16:12,FAT_BURN,1
2021-06-05T16:13,FAT_BURN,1
2021-06-05T16:14,FAT_BURN,1
2021-06-05T16:15,FAT_BURN,1
2021-06-05T16:16,FAT_BURN,1
2021-06-05T16:17,FAT_BURN,1
2021-06-05T16:18,FAT_BURN,1
2021-06-05T16:19,FAT_BURN,1
2021-06-05T16:20,FAT_BURN,1
2021-06-05T16:21,FAT_BURN,1
2021-06-05T16:22,FAT_BURN,1
2021-06-05T16:23,FAT_BURN,1
2021-06-05T16:24,FAT_BURN,1
2021-06-05T18:48,FAT_BURN,1
2021-06-05T18:54,FAT_BURN,1
2021-06-05T18:55,FAT_BURN,1
2021-06-05T18:58,FAT_BURN,1
2021-06-05T18:59,FAT_BURN,1
2021-06-05T19:02,FAT_BURN,1
2021-06-05T19:08,FAT_BURN,1
2021-06-05T19:09,FAT_BURN,1
2021-06-05T19:12,FAT_BURN,1
2021-06-05T19:13,FAT_BURN,1
2021-06-05T19:14,FAT_BURN,1
2021-06-05T19:19,FAT_BURN,1
2021-06-05T19:26,FAT_BURN,1
2021-06-05T19:29,FAT_BURN,1
2021-06-06T13:45,FAT_BURN,1
2021-06-06T13:46,FAT_BURN,1
2021-06-06T13:47,FAT_BURN,1
2021-06-06T14:01,FAT_BURN,1
2021-06-06T14:02,FAT_BURN,1
2021-06-06T14:03,FAT_BURN,1
2021-06-06T14:04,FAT_BURN,1
2021-06-06T14:05,FAT_BURN,1
2021-06-06T14:06,FAT_BURN,1
2021-06-06T14:07,FAT_BURN,1
2021-06-06T14:08,FAT_BURN,1
2021-06-06T14:09,FAT_BURN,1
2021-06-06T14:10,FAT_BURN,1
2021-06-06T14:13,FAT_BURN,1
2021-06-06T14:14,FAT_BURN,1
2021-06-06T14:15,FAT_BURN,1
2021-06-06T14:16,FAT_BURN,1
2021-06-06T14:17,FAT_BURN,1
2021-06-06T14:44,FAT_BURN,1
2021-06-06T14:53,FAT_BURN,1
2021-06-06T14:54,FAT_BURN,1
2021-06-06T14:55,FAT_BURN,1
2021-06-06T14:56,FAT_BURN,1
2021-06-06T16:08,FAT_BURN,1
2021-06-06T16:16,FAT_BURN,1
2021-06-06T16:17,FAT_BURN,1
2021-06-06T16:20,FAT_BURN,1
2021-06-06T16:21,FAT_BURN,1
2021-06-06T16:22,FAT_BURN,1
2021-06-06T16:24,FAT_BURN,1
2021-06-06T16:25,FAT_BURN,1
2021-06-06T16:27,FAT_BURN,1
2021-06-06T16:28,FAT_BURN,1
2021-06-06T16:29,FAT_BURN,1
2021-06-06T16:32,FAT_BURN,1
2021-06-06T16:33,FAT_BURN,1
2021-06-06T16:34,FAT_BURN,1
2021-06-06T16:52,FAT_BURN,1
2021-06-06T16:54,FAT_BURN,1
2021-06-06T16:55,FAT_BURN,1
2021-06-06T17:07,FAT_BURN,1
2021-06-06T17:09,FAT_BURN,1
2021-06-06T17:13,CARDIO,2
2021-06-06T17:15,CARDIO,2
2021-06-06T17:16,FAT_BURN,1
2021-06-06T17:17,FAT_BURN,1
2021-06-06T17:18,FAT_BURN,1
2021-06-06T17:19,FAT_BURN,1
2021-06-06T17:20,FAT_BURN,1
2021-06-06T17:21,FAT_BURN,1
2021-06-06T17:22,FAT_BURN,1
2021-06-06T17:30,FAT_BURN,1
2021-06-06T17:33,FAT_BURN,1
2021-06-06T17:34,FAT_BURN,1
2021-06-06T17:35,FAT_BURN,1
2021-06-06T17:36,FAT_BURN,1
2021-06-06T17:37,FAT_BURN,1
2021-06-06T17:38,FAT_BURN,1
2021-06-06T17:39,FAT_BURN,1
2021-06-06T17:40,FAT_BURN,1
2021-06-06T17:41,FAT_BURN,1
2021-06-06T17:42,FAT_BURN,1
2021-06-06T17:43,CARDIO,2
2021-06-06T17:44,FAT_BURN,1
2021-06-06T17:45,FAT_BURN,1
2021-06-06T17:46,FAT_BURN,1
2021-06-06T17:47,FAT_BURN,1
2021-06-06T17:48,FAT_BURN,1
2021-06-06T17:49,FAT_BURN,1
2021-06-06T17:50,FAT_BURN,1
2021-06-06T17:51,FAT_BURN,1
2021-06-06T17:52,FAT_BURN,1
2021-06-06T17:53,FAT_BURN,1
2021-06-06T17:57,FAT_BURN,1
2021-06-06T17:58,FAT_BURN,1
2021-06-06T17:59,FAT_BURN,1
2021-06-06T18:06,FAT_BURN,1
2021-06-06T18:07,FAT_BURN,1
2021-06-06T18:08,FAT_BURN,1
2021-06-06T18:09,FAT_BURN,1
2021-06-06T18:11,FAT_BURN,1
2021-06-06T18:12,FAT_BURN,1
2021-06-06T18:14,FAT_BURN,1
2021-06-06T18:56,FAT_BURN,1
2021-06-06T19:03,FAT_BURN,1
2021-06-06T19:04,FAT_BURN,1
2021-06-06T19:49,FAT_BURN,1
2021-06-06T19:50,FAT_BURN,1
2021-06-06T20:07,FAT_BURN,1
2021-06-06T20:08,FAT_BURN,1
2021-06-06T20:09,FAT_BURN,1
2021-06-06T20:39,FAT_BURN,1
2021-06-06T20:44,FAT_BURN,1
2021-06-06T20:47,FAT_BURN,1
2021-06-06T20:48,FAT_BURN,1
2021-06-06T20:51,FAT_BURN,1
2021-06-06T20:57,FAT_BURN,1
2021-06-06T21:54,FAT_BURN,1
2021-06-06T21:55,FAT_BURN,1
2021-06-06T21:56,FAT_BURN,1
2021-06-06T21:57,FAT_BURN,1
2021-06-06T22:54,FAT_BURN,1
2021-06-06T23:32,FAT_BURN,1
2021-06-06T23:35,FAT_BURN,1
2021-06-06T23:36,FAT_BURN,1
2021-06-07T20:37,FAT_BURN,1
2021-06-07T20:38,FAT_BURN,1
2021-06-07T20:43,FAT_BURN,1
2021-06-07T20:44,FAT_BURN,1
2021-06-07T20:46,FAT_BURN,1
2021-06-07T20:47,FAT_BURN,1
2021-06-07T20:48,FAT_BURN,1
2021-06-07T20:49,FAT_BURN,1
2021-06-07T20:50,FAT_BURN,1
2021-06-07T20:53,FAT_BURN,1
2021-06-07T20:54,FAT_BURN,1
2021-06-07T21:00,FAT_BURN,1
2021-06-07T21:01,FAT_BURN,1
2021-06-07T21:02,FAT_BURN,1
2021-06-07T21:24,FAT_BURN,1
2021-06-07T21:32,FAT_BURN,1
2021-06-07T21:36,FAT_BURN,1
2021-06-07T22:28,FAT_BURN,1
2021-06-08T08:10,FAT_BURN,1
2021-06-08T08:13,FAT_BURN,1
2021-06-08T08:14,CARDIO,2
2021-06-08T08:15,FAT_BURN,1
2021-06-08T08:16,FAT_BURN,1
2021-06-08T08:17,FAT_BURN,1
2021-06-08T08:18,FAT_BURN,1
2021-06-08T08:19,FAT_BURN,1
2021-06-08T08:20,CARDIO,2
2021-06-08T08:21,FAT_BURN,1
2021-06-08T08:22,FAT_BURN,1
2021-06-08T08:23,FAT_BURN,1
2021-06-08T08:27,FAT_BURN,1
2021-06-08T08:33,FAT_BURN,1
2021-06-08T08:40,FAT_BURN,1
2021-06-08T08:42,FAT_BURN,1
2021-06-08T08:43,CARDIO,2
2021-06-08T08:44,CARDIO,2
2021-06-08T08:47,FAT_BURN,1
2021-06-08T08:48,FAT_BURN,1
2021-06-08T08:49,FAT_BURN,1
2021-06-08T08:50,FAT_BURN,1
2021-06-08T08:52,FAT_BURN,1
2021-06-08T08:53,FAT_BURN,1
2021-06-08T08:55,FAT_BURN,1
2021-06-08T08:56,FAT_BURN,1
2021-06-08T09:08,FAT_BURN,1
2021-06-08T17:26,FAT_BURN,1
2021-06-08T17:27,FAT_BURN,1
2021-06-08T17:28,FAT_BURN,1
2021-06-08T17:29,FAT_BURN,1
2021-06-08T20:26,FAT_BURN,1
2021-06-08T20:27,FAT_BURN,1
2021-06-08T20:48,FAT_BURN,1
2021-06-08T20:49,FAT_BURN,1
2021-06-08T21:04,FAT_BURN,1
2021-06-08T21:05,FAT_BURN,1
2021-06-08T21:06,FAT_BURN,1
2021-06-08T21:07,FAT_BURN,1
2021-06-08T21:08,FAT_BURN,1
2021-06-08T21:09,FAT_BURN,1
2021-06-08T21:10,FAT_BURN,1
2021-06-08T21:11,FAT_BURN,1
2021-06-08T21:12,FAT_BURN,1
2021-06-08T21:13,FAT_BURN,1
2021-06-08T21:14,FAT_BURN,1
2021-06-08T21:15,FAT_BURN,1
2021-06-08T21:16,FAT_BURN,1
2021-06-08T21:17,FAT_BURN,1
2021-06-08T21:18,FAT_BURN,1
2021-06-08T21:19,FAT_BURN,1
2021-06-08T21:20,FAT_BURN,1
2021-06-08T21:21,FAT_BURN,1
2021-06-08T21:22,FAT_BURN,1
2021-06-08T21:23,FAT_BURN,1
2021-06-08T21:25,FAT_BURN,1
2021-06-08T21:26,FAT_BURN,1
2021-06-08T21:27,FAT_BURN,1
2021-06-08T21:30,FAT_BURN,1
2021-06-08T21:31,FAT_BURN,1
2021-06-08T21:32,FAT_BURN,1
2021-06-08T21:33,FAT_BURN,1
2021-06-08T21:34,FAT_BURN,1
2021-06-08T21:35,FAT_BURN,1
2021-06-08T21:36,FAT_BURN,1
2021-06-08T21:37,FAT_BURN,1
2021-06-08T21:38,FAT_BURN,1
2021-06-08T21:40,FAT_BURN,1
2021-06-08T21:41,FAT_BURN,1
2021-06-08T21:43,FAT_BURN,1
2021-06-08T21:44,FAT_BURN,1
2021-06-08T21:45,FAT_BURN,1
2021-06-08T21:46,FAT_BURN,1
2021-06-08T21:47,FAT_BURN,1
2021-06-08T21:48,FAT_BURN,1
2021-06-08T21:52,FAT_BURN,1
2021-06-08T21:53,FAT_BURN,1
2021-06-08T21:54,FAT_BURN,1
2021-06-08T21:55,FAT_BURN,1
2021-06-08T21:56,FAT_BURN,1
2021-06-08T21:57,FAT_BURN,1
2021-06-08T21:58,FAT_BURN,1
2021-06-08T21:59,FAT_BURN,1
2021-06-08T22:00,FAT_BURN,1
2021-06-08T22:01,FAT_BURN,1
2021-06-08T22:02,FAT_BURN,1
2021-06-08T22:03,FAT_BURN,1
2021-06-09T10:13,FAT_BURN,1
2021-06-09T11:33,FAT_BURN,1
2021-06-09T15:15,FAT_BURN,1
2021-06-09T15:16,FAT_BURN,1
2021-06-09T15:40,FAT_BURN,1
2021-06-09T15:41,FAT_BURN,1
2021-06-09T15:47,FAT_BURN,1
2021-06-09T15:48,FAT_BURN,1
2021-06-09T15:49,FAT_BURN,1
2021-06-09T15:50,FAT_BURN,1
2021-06-09T15:52,FAT_BURN,1
2021-06-09T15:53,FAT_BURN,1
2021-06-09T15:54,FAT_BURN,1
2021-06-09T15:55,FAT_BURN,1
2021-06-09T15:57,FAT_BURN,1
2021-06-09T15:58,FAT_BURN,1
2021-06-09T15:59,FAT_BURN,1
2021-06-09T16:00,FAT_BURN,1
2021-06-09T16:01,FAT_BURN,1
2021-06-09T16:02,FAT_BURN,1
2021-06-09T16:03,FAT_BURN,1
2021-06-09T16:04,FAT_BURN,1
2021-06-09T16:05,FAT_BURN,1
2021-06-09T16:06,FAT_BURN,1
2021-06-09T16:07,FAT_BURN,1
2021-06-09T16:11,FAT_BURN,1
2021-06-09T16:13,FAT_BURN,1
2021-06-09T16:16,FAT_BURN,1
2021-06-09T16:17,FAT_BURN,1
2021-06-09T16:34,FAT_BURN,1
2021-06-09T16:35,FAT_BURN,1
2021-06-09T16:36,FAT_BURN,1
2021-06-09T20:25,FAT_BURN,1
2021-06-09T20:26,FAT_BURN,1
2021-06-09T20:27,FAT_BURN,1
2021-06-09T20:28,FAT_BURN,1
2021-06-09T20:30,FAT_BURN,1
2021-06-09T20:31,FAT_BURN,1
2021-06-09T20:32,FAT_BURN,1
2021-06-09T20:34,FAT_BURN,1
2021-06-09T20:35,FAT_BURN,1
2021-06-09T20:36,FAT_BURN,1
2021-06-09T20:37,FAT_BURN,1
2021-06-09T20:38,FAT_BURN,1
2021-06-09T20:39,FAT_BURN,1
2021-06-09T20:40,FAT_BURN,1
2021-06-09T20:41,FAT_BURN,1
2021-06-09T20:42,FAT_BURN,1
2021-06-09T20:43,FAT_BURN,1
2021-06-09T20:44,FAT_BURN,1
2021-06-09T20:45,FAT_BURN,1
2021-06-09T20:46,FAT_BURN,1
2021-06-09T20:47,FAT_BURN,1
2021-06-09T20:48,FAT_BURN,1
2021-06-09T20:49,FAT_BURN,1
2021-06-09T20:50,FAT_BURN,1
2021-06-09T20:51,FAT_BURN,1
2021-06-09T20:52,FAT_BURN,1
2021-06-09T20:53,FAT_BURN,1
2021-06-09T20:54,FAT_BURN,1
2021-06-09T20:55,FAT_BURN,1
2021-06-09T20:56,FAT_BURN,1
2021-06-09T20:57,FAT_BURN,1
2021-06-09T20:58,FAT_BURN,1
2021-06-09T20:59,FAT_BURN,1
2021-06-09T21:00,FAT_BURN,1
2021-06-09T21:01,FAT_BURN,1
2021-06-09T21:02,FAT_BURN,1
2021-06-09T21:03,FAT_BURN,1
2021-06-09T21:04,FAT_BURN,1
2021-06-09T21:05,FAT_BURN,1
2021-06-09T21:06,FAT_BURN,1
2021-06-09T21:07,FAT_BURN,1
2021-06-09T21:08,FAT_BURN,1
2021-06-09T21:09,FAT_BURN,1
2021-06-09T21:10,FAT_BURN,1
2021-06-09T21:11,FAT_BURN,1
2021-06-09T21:12,FAT_BURN,1
2021-06-09T21:13,FAT_BURN,1
2021-06-09T21:14,FAT_BURN,1
2021-06-09T21:15,FAT_BURN,1
2021-06-09T21:16,FAT_BURN,1
2021-06-09T21:17,FAT_BURN,1
2021-06-09T21:18,FAT_BURN,1
2021-06-09T21:19,FAT_BURN,1
2021-06-09T21:20,FAT_BURN,1
2021-06-09T21:21,FAT_BURN,1
2021-06-09T21:22,FAT_BURN,1
2021-06-09T21:23,FAT_BURN,1
2021-06-09T21:24,FAT_BURN,1
2021-06-09T21:25,FAT_BURN,1
2021-06-09T21:26,FAT_BURN,1
2021-06-09T21:27,FAT_BURN,1
2021-06-09T21:28,FAT_BURN,1
2021-06-09T21:29,FAT_BURN,1
2021-06-09T21:30,FAT_BURN,1
2021-06-09T21:31,FAT_BURN,1
2021-06-09T21:32,FAT_BURN,1
2021-06-09T21:33,FAT_BURN,1
2021-06-09T21:34,FAT_BURN,1
2021-06-09T21:35,FAT_BURN,1
2021-06-09T21:36,FAT_BURN,1
2021-06-09T21:37,FAT_BURN,1
2021-06-09T21:38,FAT_BURN,1
2021-06-09T22:05,FAT_BURN,1
2021-06-10T08:16,FAT_BURN,1
2021-06-10T08:17,FAT_BURN,1
2021-06-10T08:20,FAT_BURN,1
2021-06-10T08:21,FAT_BURN,1
2021-06-10T08:22,FAT_BURN,1
2021-06-10T08:23,FAT_BURN,1
2021-06-10T08:24,CARDIO,2
2021-06-10T08:25,CARDIO,2
2021-06-10T08:26,FAT_BURN,1
2021-06-10T08:27,FAT_BURN,1
2021-06-10T08:28,CARDIO,2
2021-06-10T08:29,FAT_BURN,1
2021-06-10T08:30,FAT_BURN,1
2021-06-10T08:35,FAT_BURN,1
2021-06-10T08:36,CARDIO,2
2021-06-10T08:37,CARDIO,2
2021-06-10T08:38,CARDIO,2
2021-06-10T08:39,FAT_BURN,1
2021-06-10T08:40,FAT_BURN,1
2021-06-10T08:41,FAT_BURN,1
2021-06-10T08:45,FAT_BURN,1
2021-06-10T08:47,FAT_BURN,1
2021-06-10T08:48,FAT_BURN,1
2021-06-10T08:49,FAT_BURN,1
2021-06-10T08:50,FAT_BURN,1
2021-06-10T08:51,FAT_BURN,1
2021-06-10T08:52,FAT_BURN,1
2021-06-10T08:53,FAT_BURN,1
2021-06-10T08:54,FAT_BURN,1
2021-06-10T08:55,FAT_BURN,1
2021-06-10T08:56,FAT_BURN,1
2021-06-10T09:00,FAT_BURN,1
2021-06-10T09:01,FAT_BURN,1
2021-06-10T09:02,FAT_BURN,1
2021-06-10T09:03,FAT_BURN,1
2021-06-10T09:04,FAT_BURN,1
2021-06-10T15:59,FAT_BURN,1
2021-06-10T17:15,FAT_BURN,1
2021-06-10T17:16,FAT_BURN,1
2021-06-10T17:19,FAT_BURN,1
2021-06-10T17:38,FAT_BURN,1
2021-06-10T17:39,FAT_BURN,1
2021-06-10T18:17,FAT_BURN,1
2021-06-10T18:18,FAT_BURN,1
2021-06-10T18:19,FAT_BURN,1
2021-06-10T18:20,FAT_BURN,1
2021-06-10T18:21,FAT_BURN,1
2021-06-10T18:22,FAT_BURN,1
2021-06-10T18:23,FAT_BURN,1
2021-06-10T18:24,FAT_BURN,1
2021-06-10T18:25,FAT_BURN,1
2021-06-10T18:26,FAT_BURN,1
2021-06-10T18:27,FAT_BURN,1
2021-06-10T18:28,FAT_BURN,1
2021-06-10T18:29,FAT_BURN,1
2021-06-10T18:30,CARDIO,2
2021-06-10T18:31,CARDIO,2
2021-06-10T18:32,CARDIO,2
2021-06-10T18:33,CARDIO,2
2021-06-10T18:34,CARDIO,2
2021-06-10T18:35,CARDIO,2
2021-06-10T18:36,CARDIO,2
2021-06-10T18:37,CARDIO,2
2021-06-10T18:38,CARDIO,2
2021-06-10T18:39,FAT_BURN,1
2021-06-10T18:40,FAT_BURN,1
2021-06-10T18:41,FAT_BURN,1
2021-06-10T18:42,CARDIO,2
2021-06-10T18:43,CARDIO,2
2021-06-10T18:44,CARDIO,2
2021-06-10T18:45,CARDIO,2
2021-06-10T18:46,FAT_BURN,1
2021-06-10T18:47,FAT_BURN,1
2021-06-10T18:48,FAT_BURN,1
2021-06-10T18:50,CARDIO,2
2021-06-10T18:51,CARDIO,2
2021-06-10T18:52,CARDIO,2
2021-06-10T18:53,CARDIO,2
2021-06-10T18:54,CARDIO,2
2021-06-10T18:55,FAT_BURN,1
2021-06-10T18:56,FAT_BURN,1
2021-06-10T18:57,FAT_BURN,1
2021-06-10T18:58,CARDIO,2
2021-06-10T18:59,CARDIO,2
2021-06-10T19:00,CARDIO,2
2021-06-10T19:01,CARDIO,2
2021-06-10T19:02,CARDIO,2
2021-06-10T19:03,CARDIO,2
2021-06-10T19:04,FAT_BURN,1
2021-06-10T19:05,FAT_BURN,1
2021-06-10T19:06,FAT_BURN,1
2021-06-10T19:07,CARDIO,2
2021-06-10T19:08,CARDIO,2
2021-06-10T19:09,CARDIO,2
2021-06-10T19:10,FAT_BURN,1
2021-06-10T19:11,CARDIO,2
2021-06-10T19:12,CARDIO,2
2021-06-10T19:13,CARDIO,2
2021-06-10T19:14,CARDIO,2
2021-06-10T19:15,CARDIO,2
2021-06-10T19:16,CARDIO,2
2021-06-10T19:17,CARDIO,2
2021-06-10T19:18,CARDIO,2
2021-06-10T19:19,CARDIO,2
2021-06-10T19:20,CARDIO,2
2021-06-10T19:21,CARDIO,2
2021-06-10T19:22,CARDIO,2
2021-06-10T19:23,CARDIO,2
2021-06-10T19:24,CARDIO,2
2021-06-10T19:25,CARDIO,2
2021-06-10T19:26,CARDIO,2
2021-06-10T19:27,FAT_BURN,1
2021-06-10T19:28,CARDIO,2
2021-06-10T19:29,CARDIO,2
2021-06-10T19:30,CARDIO,2
2021-06-10T19:31,CARDIO,2
2021-06-10T19:32,CARDIO,2
2021-06-10T19:33,CARDIO,2
2021-06-10T19:34,CARDIO,2
2021-06-10T19:35,FAT_BURN,1
2021-06-10T19:36,FAT_BURN,1
2021-06-10T19:37,FAT_BURN,1
2021-06-10T19:38,FAT_BURN,1
2021-06-10T19:41,FAT_BURN,1
2021-06-10T19:42,FAT_BURN,1
2021-06-10T19:43,FAT_BURN,1
2021-06-10T19:44,FAT_BURN,1
2021-06-10T19:45,FAT_BURN,1
2021-06-10T19:46,FAT_BURN,1
2021-06-10T19:50,FAT_BURN,1
2021-06-10T19:51,FAT_BURN,1
2021-06-10T19:52,FAT_BURN,1
2021-06-10T19:53,FAT_BURN,1
2021-06-10T19:54,FAT_BURN,1
2021-06-10T19:55,FAT_BURN,1
2021-06-10T19:56,FAT_BURN,1
2021-06-10T19:57,FAT_BURN,1
2021-06-10T19:58,FAT_BURN,1
2021-06-10T20:02,FAT_BURN,1
2021-06-10T20:03,FAT_BURN,1
2021-06-10T20:08,FAT_BURN,1
2021-06-10T20:14,FAT_BURN,1
2021-06-10T20:15,FAT_BURN,1
2021-06-10T20:16,FAT_BURN,1
2021-06-10T20:17,FAT_BURN,1
2021-06-10T20:18,FAT_BURN,1
2021-06-10T20:19,FAT_BURN,1
2021-06-10T20:21,FAT_BURN,1
2021-06-10T20:24,FAT_BURN,1
2021-06-10T20:25,FAT_BURN,1
2021-06-10T20:26,FAT_BURN,1
2021-06-10T20:27,FAT_BURN,1
2021-06-10T20:28,FAT_BURN,1
2021-06-10T20:30,FAT_BURN,1
2021-06-10T20:40,FAT_BURN,1
2021-06-10T20:41,FAT_BURN,1
2021-06-10T20:42,FAT_BURN,1
2021-06-10T20:46,FAT_BURN,1
2021-06-10T20:55,FAT_BURN,1
2021-06-10T21:05,FAT_BURN,1
2021-06-10T21:24,FAT_BURN,1
2021-06-11T08:36,FAT_BURN,1
2021-06-11T08:37,FAT_BURN,1
2021-06-11T08:38,FAT_BURN,1
2021-06-11T08:41,FAT_BURN,1
2021-06-11T08:42,FAT_BURN,1
2021-06-11T08:43,FAT_BURN,1
2021-06-11T08:44,FAT_BURN,1
2021-06-11T08:45,FAT_BURN,1
2021-06-11T08:47,FAT_BURN,1
2021-06-11T08:48,FAT_BURN,1
2021-06-11T11:10,FAT_BURN,1
2021-06-11T11:12,FAT_BURN,1
2021-06-11T11:13,FAT_BURN,1
2021-06-11T11:15,FAT_BURN,1
2021-06-11T11:16,FAT_BURN,1
2021-06-11T11:17,FAT_BURN,1
2021-06-11T11:18,FAT_BURN,1
2021-06-11T11:19,FAT_BURN,1
2021-06-11T11:21,FAT_BURN,1
2021-06-11T11:23,FAT_BURN,1
2021-06-11T11:24,FAT_BURN,1
2021-06-11T11:25,FAT_BURN,1
2021-06-11T11:35,FAT_BURN,1
2021-06-11T11:37,FAT_BURN,1
2021-06-11T11:38,FAT_BURN,1
2021-06-11T11:39,FAT_BURN,1
2021-06-11T11:40,FAT_BURN,1
2021-06-11T11:41,FAT_BURN,1
2021-06-11T11:42,FAT_BURN,1
2021-06-11T11:43,FAT_BURN,1
2021-06-11T11:44,FAT_BURN,1
2021-06-11T11:45,FAT_BURN,1
2021-06-11T11:46,FAT_BURN,1
2021-06-11T11:47,FAT_BURN,1
2021-06-11T16:02,FAT_BURN,1
2021-06-11T16:03,FAT_BURN,1
2021-06-11T16:04,FAT_BURN,1
2021-06-11T16:05,FAT_BURN,1
2021-06-11T16:06,FAT_BURN,1
2021-06-11T16:07,FAT_BURN,1
2021-06-11T16:08,FAT_BURN,1
2021-06-11T16:09,FAT_BURN,1
2021-06-11T16:10,FAT_BURN,1
2021-06-11T16:11,FAT_BURN,1
2021-06-11T16:12,FAT_BURN,1
2021-06-11T18:13,FAT_BURN,1
2021-06-11T18:14,FAT_BURN,1
2021-06-12T10:13,FAT_BURN,1
2021-06-12T10:15,FAT_BURN,1
2021-06-12T11:45,FAT_BURN,1
2021-06-12T11:46,FAT_BURN,1
2021-06-12T12:31,FAT_BURN,1
2021-06-12T12:32,FAT_BURN,1
2021-06-12T12:33,FAT_BURN,1
2021-06-12T12:35,FAT_BURN,1
2021-06-12T12:36,FAT_BURN,1
2021-06-12T12:38,FAT_BURN,1
2021-06-12T12:44,FAT_BURN,1
2021-06-12T12:45,FAT_BURN,1
2021-06-12T12:46,FAT_BURN,1
2021-06-12T12:48,FAT_BURN,1
2021-06-12T12:51,FAT_BURN,1
2021-06-12T12:52,FAT_BURN,1
2021-06-12T12:55,FAT_BURN,1
2021-06-12T12:56,FAT_BURN,1
2021-06-12T12:57,FAT_BURN,1
2021-06-12T13:04,FAT_BURN,1
2021-06-12T13:05,CARDIO,2
2021-06-12T13:06,FAT_BURN,1
2021-06-12T13:08,FAT_BURN,1
2021-06-12T15:06,FAT_BURN,1
2021-06-12T16:15,FAT_BURN,1
2021-06-12T16:16,FAT_BURN,1
2021-06-12T16:17,FAT_BURN,1
2021-06-12T16:20,FAT_BURN,1
2021-06-12T16:25,FAT_BURN,1
2021-06-12T16:26,CARDIO,2
2021-06-12T16:27,CARDIO,2
2021-06-12T16:28,FAT_BURN,1
2021-06-12T16:31,CARDIO,2
2021-06-12T16:42,FAT_BURN,1
2021-06-12T16:43,FAT_BURN,1
2021-06-12T16:46,FAT_BURN,1
2021-06-12T16:47,FAT_BURN,1
2021-06-12T17:36,FAT_BURN,1
2021-06-12T17:37,FAT_BURN,1
2021-06-12T17:38,FAT_BURN,1
2021-06-12T17:42,FAT_BURN,1
2021-06-12T17:43,FAT_BURN,1
2021-06-12T17:44,FAT_BURN,1
2021-06-12T17:45,FAT_BURN,1
2021-06-12T17:48,FAT_BURN,1
2021-06-12T19:03,FAT_BURN,1
2021-06-12T19:29,FAT_BURN,1
2021-06-12T20:20,FAT_BURN,1
2021-06-12T20:32,FAT_BURN,1
2021-06-12T20:39,FAT_BURN,1
2021-06-12T20:40,FAT_BURN,1
2021-06-12T20:41,FAT_BURN,1
2021-06-12T20:42,FAT_BURN,1
2021-06-12T20:43,FAT_BURN,1
2021-06-12T21:18,FAT_BURN,1
2021-06-12T21:25,FAT_BURN,1
2021-06-12T22:07,FAT_BURN,1
2021-06-12T22:08,FAT_BURN,1
2021-06-12T22:09,FAT_BURN,1
2021-06-12T22:10,FAT_BURN,1
2021-06-12T22:11,FAT_BURN,1
2021-06-12T22:12,FAT_BURN,1
2021-06-12T22:13,FAT_BURN,1
2021-06-12T22:15,FAT_BURN,1
2021-06-12T22:16,FAT_BURN,1
2021-06-12T22:17,FAT_BURN,1
2021-06-12T22:54,FAT_BURN,1
2021-06-12T22:55,FAT_BURN,1
2021-06-12T22:56,FAT_BURN,1
2021-06-12T22:57,FAT_BURN,1
2021-06-12T22:58,FAT_BURN,1
2021-06-12T22:59,FAT_BURN,1
2021-06-12T23:00,FAT_BURN,1
2021-06-12T23:01,FAT_BURN,1
2021-06-12T23:02,FAT_BURN,1
2021-06-12T23:03,FAT_BURN,1
2021-06-12T23:04,FAT_BURN,1
2021-06-12T23:05,FAT_BURN,1
2021-06-12T23:06,FAT_BURN,1
2021-06-12T23:07,FAT_BURN,1
2021-06-12T23:08,FAT_BURN,1
2021-06-12T23:09,FAT_BURN,1
2021-06-12T23:10,FAT_BURN,1
2021-06-12T23:11,FAT_BURN,1
2021-06-12T23:12,FAT_BURN,1
2021-06-12T23:13,FAT_BURN,1
2021-06-12T23:49,FAT_BURN,1
2021-06-12T23:50,FAT_BURN,1
2021-06-13T21:42,FAT_BURN,1
2021-06-13T21:43,FAT_BURN,1
2021-06-13T21:44,FAT_BURN,1
2021-06-13T21:45,FAT_BURN,1
2021-06-13T21:46,FAT_BURN,1
2021-06-13T21:47,FAT_BURN,1
2021-06-14T12:57,FAT_BURN,1
2021-06-14T12:59,FAT_BURN,1
2021-06-14T13:01,FAT_BURN,1
2021-06-14T13:02,FAT_BURN,1
2021-06-14T13:03,FAT_BURN,1
2021-06-14T13:04,FAT_BURN,1
2021-06-14T13:05,FAT_BURN,1
2021-06-14T13:06,FAT_BURN,1
2021-06-14T13:07,FAT_BURN,1
2021-06-14T13:08,FAT_BURN,1
2021-06-14T13:09,FAT_BURN,1
2021-06-14T13:10,FAT_BURN,1
2021-06-14T13:11,FAT_BURN,1
2021-06-14T13:12,FAT_BURN,1
2021-06-14T13:13,FAT_BURN,1
2021-06-14T13:14,CARDIO,2
2021-06-14T13:15,CARDIO,2
2021-06-14T13:16,FAT_BURN,1
2021-06-14T13:17,FAT_BURN,1
2021-06-14T13:18,FAT_BURN,1
2021-06-14T13:19,FAT_BURN,1
2021-06-14T13:20,FAT_BURN,1
2021-06-14T13:21,FAT_BURN,1
2021-06-14T13:22,FAT_BURN,1
2021-06-14T13:23,FAT_BURN,1
2021-06-14T13:24,FAT_BURN,1
2021-06-14T13:25,FAT_BURN,1
2021-06-14T13:26,FAT_BURN,1
2021-06-14T13:27,FAT_BURN,1
2021-06-14T13:28,FAT_BURN,1
2021-06-14T13:29,FAT_BURN,1
2021-06-14T13:30,FAT_BURN,1
2021-06-14T13:31,FAT_BURN,1
2021-06-14T13:32,FAT_BURN,1
2021-06-14T13:33,FAT_BURN,1
2021-06-14T13:34,FAT_BURN,1
2021-06-14T13:35,FAT_BURN,1
2021-06-14T13:36,FAT_BURN,1
2021-06-14T13:37,FAT_BURN,1
2021-06-14T13:38,FAT_BURN,1
2021-06-14T13:39,FAT_BURN,1
2021-06-14T13:40,FAT_BURN,1
2021-06-14T13:41,FAT_BURN,1
2021-06-14T13:42,FAT_BURN,1
2021-06-14T13:43,FAT_BURN,1
2021-06-14T13:44,FAT_BURN,1
2021-06-14T13:45,FAT_BURN,1
2021-06-14T13:46,FAT_BURN,1
2021-06-14T13:47,FAT_BURN,1
2021-06-14T13:48,FAT_BURN,1
2021-06-14T13:49,FAT_BURN,1
2021-06-14T13:50,FAT_BURN,1
2021-06-14T13:51,FAT_BURN,1
2021-06-14T13:52,FAT_BURN,1
2021-06-14T13:53,FAT_BURN,1
2021-06-14T13:54,FAT_BURN,1
2021-06-14T13:55,FAT_BURN,1
2021-06-14T13:56,FAT_BURN,1
2021-06-14T13:57,FAT_BURN,1
2021-06-14T13:58,FAT_BURN,1
2021-06-14T13:59,FAT_BURN,1
2021-06-14T14:00,FAT_BURN,1
2021-06-14T14:01,FAT_BURN,1
2021-06-14T14:02,FAT_BURN,1
2021-06-14T14:03,FAT_BURN,1
2021-06-14T14:04,FAT_BURN,1
2021-06-14T14:05,FAT_BURN,1
2021-06-14T14:06,FAT_BURN,1
2021-06-14T14:07,FAT_BURN,1
2021-06-14T14:08,CARDIO,2
2021-06-14T14:09,FAT_BURN,1
2021-06-14T14:10,FAT_BURN,1
2021-06-14T14:11,FAT_BURN,1
2021-06-14T14:12,FAT_BURN,1
2021-06-14T14:13,FAT_BURN,1
2021-06-14T14:14,FAT_BURN,1
2021-06-14T14:15,FAT_BURN,1
2021-06-14T14:16,FAT_BURN,1
2021-06-14T14:17,FAT_BURN,1
2021-06-14T14:18,FAT_BURN,1
2021-06-14T14:19,FAT_BURN,1
2021-06-14T17:30,FAT_BURN,1
2021-06-14T17:31,FAT_BURN,1
2021-06-14T17:32,FAT_BURN,1
2021-06-14T17:33,FAT_BURN,1
2021-06-14T17:35,FAT_BURN,1
2021-06-14T17:36,FAT_BURN,1
2021-06-14T17:37,FAT_BURN,1
2021-06-14T17:39,FAT_BURN,1
2021-06-14T17:41,FAT_BURN,1
2021-06-14T17:42,FAT_BURN,1
2021-06-14T17:43,FAT_BURN,1
2021-06-14T17:44,FAT_BURN,1
2021-06-14T17:45,FAT_BURN,1
2021-06-14T17:46,FAT_BURN,1
2021-06-14T17:47,FAT_BURN,1
2021-06-14T17:48,FAT_BURN,1
2021-06-14T17:49,FAT_BURN,1
2021-06-14T17:50,FAT_BURN,1
2021-06-14T17:51,FAT_BURN,1
2021-06-14T17:53,FAT_BURN,1
2021-06-14T17:54,FAT_BURN,1
2021-06-14T17:55,FAT_BURN,1
2021-06-14T17:56,FAT_BURN,1
2021-06-14T17:57,FAT_BURN,1
2021-06-14T17:58,FAT_BURN,1
2021-06-14T17:59,FAT_BURN,1
2021-06-14T18:00,FAT_BURN,1
2021-06-14T18:01,FAT_BURN,1
2021-06-14T18:02,FAT_BURN,1
2021-06-14T18:05,FAT_BURN,1
2021-06-14T18:06,FAT_BURN,1
2021-06-14T18:07,FAT_BURN,1
2021-06-14T18:08,FAT_BURN,1
2021-06-14T18:09,FAT_BURN,1
2021-06-14T18:30,FAT_BURN,1
2021-06-14T18:31,FAT_BURN,1
2021-06-14T18:41,FAT_BURN,1
2021-06-14T18:42,FAT_BURN,1
2021-06-14T18:46,FAT_BURN,1
2021-06-14T18:47,FAT_BURN,1
2021-06-14T19:22,FAT_BURN,1
2021-06-14T19:24,FAT_BURN,1
2021-06-14T19:25,FAT_BURN,1
2021-06-14T19:26,FAT_BURN,1
2021-06-14T19:27,FAT_BURN,1
2021-06-14T19:29,FAT_BURN,1
2021-06-14T19:30,FAT_BURN,1
2021-06-14T19:31,FAT_BURN,1
2021-06-14T19:32,FAT_BURN,1
2021-06-14T19:33,FAT_BURN,1
2021-06-14T19:47,FAT_BURN,1
2021-06-14T19:49,FAT_BURN,1
2021-06-14T20:04,FAT_BURN,1
2021-06-14T20:05,FAT_BURN,1
2021-06-14T20:06,FAT_BURN,1
2021-06-14T20:07,FAT_BURN,1
2021-06-14T20:56,FAT_BURN,1
2021-06-14T20:57,FAT_BURN,1
2021-06-14T20:58,FAT_BURN,1
2021-06-14T21:05,FAT_BURN,1
2021-06-14T21:06,FAT_BURN,1
2021-06-14T21:07,FAT_BURN,1
2021-06-14T21:09,FAT_BURN,1
2021-06-14T21:43,FAT_BURN,1
2021-06-14T21:44,FAT_BURN,1
2021-06-14T21:45,FAT_BURN,1
2021-06-14T21:48,FAT_BURN,1
2021-06-14T21:51,FAT_BURN,1
2021-06-14T21:56,FAT_BURN,1
2021-06-14T21:57,FAT_BURN,1
2021-06-14T21:58,FAT_BURN,1
2021-06-14T21:59,FAT_BURN,1
2021-06-14T22:00,FAT_BURN,1
2021-06-14T22:02,FAT_BURN,1
2021-06-14T22:03,FAT_BURN,1
2021-06-14T22:04,FAT_BURN,1
2021-06-14T22:41,FAT_BURN,1
2021-06-15T00:23,FAT_BURN,1
2021-06-15T00:24,FAT_BURN,1
2021-06-15T00:25,FAT_BURN,1
2021-06-15T19:04,FAT_BURN,1
2021-06-15T19:05,FAT_BURN,1
2021-06-15T19:06,FAT_BURN,1
2021-06-15T19:07,FAT_BURN,1
2021-06-15T19:08,FAT_BURN,1
2021-06-15T19:09,FAT_BURN,1
2021-06-15T19:10,FAT_BURN,1
2021-06-15T19:13,CARDIO,2
2021-06-15T19:14,FAT_BURN,1
2021-06-15T19:16,FAT_BURN,1
2021-06-15T19:17,FAT_BURN,1
2021-06-15T19:18,FAT_BURN,1
2021-06-15T19:19,FAT_BURN,1
2021-06-15T19:20,CARDIO,2
2021-06-15T19:21,CARDIO,2
2021-06-15T19:22,CARDIO,2
2021-06-15T19:23,FAT_BURN,1
2021-06-15T19:24,FAT_BURN,1
2021-06-15T19:25,FAT_BURN,1
2021-06-15T19:26,FAT_BURN,1
2021-06-15T19:27,FAT_BURN,1
2021-06-15T19:28,FAT_BURN,1
2021-06-15T19:29,CARDIO,2
2021-06-15T19:30,CARDIO,2
2021-06-15T19:31,FAT_BURN,1
2021-06-15T19:32,FAT_BURN,1
2021-06-15T19:33,FAT_BURN,1
2021-06-15T19:34,FAT_BURN,1
2021-06-15T19:35,FAT_BURN,1
2021-06-15T19:36,FAT_BURN,1
2021-06-15T19:37,FAT_BURN,1
2021-06-15T19:38,FAT_BURN,1
2021-06-15T19:39,FAT_BURN,1
2021-06-15T19:40,FAT_BURN,1
2021-06-15T19:41,FAT_BURN,1
2021-06-15T19:42,FAT_BURN,1
2021-06-15T19:43,FAT_BURN,1
2021-06-15T19:49,FAT_BURN,1
2021-06-15T19:50,FAT_BURN,1
2021-06-15T19:51,FAT_BURN,1
2021-06-15T19:52,FAT_BURN,1
2021-06-15T19:53,FAT_BURN,1
2021-06-15T19:54,FAT_BURN,1
2021-06-15T19:58,FAT_BURN,1
2021-06-15T20:02,FAT_BURN,1
2021-06-15T20:03,FAT_BURN,1
2021-06-15T20:04,FAT_BURN,1
2021-06-15T20:05,FAT_BURN,1
2021-06-15T20:06,FAT_BURN,1
2021-06-15T20:07,FAT_BURN,1
2021-06-15T20:08,FAT_BURN,1
2021-06-15T20:09,FAT_BURN,1
2021-06-15T20:10,FAT_BURN,1
2021-06-15T20:11,FAT_BURN,1
2021-06-15T20:12,FAT_BURN,1
2021-06-15T20:13,FAT_BURN,1
2021-06-15T20:14,FAT_BURN,1
2021-06-15T20:15,FAT_BURN,1
2021-06-15T20:16,FAT_BURN,1
2021-06-15T20:17,FAT_BURN,1
2021-06-15T20:18,FAT_BURN,1
2021-06-15T20:19,FAT_BURN,1
2021-06-15T20:20,FAT_BURN,1
2021-06-15T20:21,FAT_BURN,1
2021-06-15T20:22,FAT_BURN,1
2021-06-15T20:23,FAT_BURN,1
2021-06-15T20:24,FAT_BURN,1
2021-06-15T20:25,FAT_BURN,1
2021-06-15T20:26,FAT_BURN,1
2021-06-15T20:27,FAT_BURN,1
2021-06-15T20:28,FAT_BURN,1
2021-06-15T20:29,FAT_BURN,1
2021-06-15T20:30,FAT_BURN,1
2021-06-15T20:31,FAT_BURN,1
2021-06-15T20:32,FAT_BURN,1
2021-06-15T20:33,FAT_BURN,1
2021-06-15T20:34,FAT_BURN,1
2021-06-15T20:35,FAT_BURN,1
2021-06-15T20:36,FAT_BURN,1
2021-06-15T20:37,FAT_BURN,1
2021-06-15T20:38,FAT_BURN,1
2021-06-15T20:39,FAT_BURN,1
2021-06-15T20:40,FAT_BURN,1
2021-06-15T20:41,FAT_BURN,1
2021-06-15T20:42,FAT_BURN,1
2021-06-15T20:43,FAT_BURN,1
2021-06-15T22:34,FAT_BURN,1
2021-06-16T21:28,FAT_BURN,1
2021-06-16T21:29,FAT_BURN,1
2021-06-16T21:30,FAT_BURN,1
2021-06-16T21:31,FAT_BURN,1
2021-06-16T21:32,FAT_BURN,1
2021-06-16T21:33,FAT_BURN,1
2021-06-16T21:34,FAT_BURN,1
2021-06-16T21:35,FAT_BURN,1
2021-06-16T21:36,FAT_BURN,1
2021-06-16T21:37,FAT_BURN,1
2021-06-16T21:38,FAT_BURN,1
2021-06-16T21:39,FAT_BURN,1
2021-06-16T21:40,FAT_BURN,1
2021-06-16T21:41,FAT_BURN,1
2021-06-16T21:42,FAT_BURN,1
2021-06-16T21:43,FAT_BURN,1
2021-06-16T21:44,FAT_BURN,1
2021-06-16T21:45,FAT_BURN,1
2021-06-16T21:46,FAT_BURN,1
2021-06-16T21:47,FAT_BURN,1
2021-06-16T21:48,FAT_BURN,1
2021-06-16T21:49,FAT_BURN,1
2021-06-16T21:50,FAT_BURN,1
2021-06-16T21:51,FAT_BURN,1
2021-06-16T21:52,FAT_BURN,1
2021-06-16T21:53,FAT_BURN,1
2021-06-16T21:54,FAT_BURN,1
2021-06-16T21:55,FAT_BURN,1
2021-06-16T21:56,FAT_BURN,1
2021-06-16T21:57,FAT_BURN,1
2021-06-16T21:58,FAT_BURN,1
2021-06-16T21:59,FAT_BURN,1
2021-06-16T22:00,FAT_BURN,1
2021-06-16T22:01,FAT_BURN,1
2021-06-16T22:02,FAT_BURN,1
2021-06-16T22:03,FAT_BURN,1
2021-06-16T22:04,FAT_BURN,1
2021-06-16T22:05,FAT_BURN,1
2021-06-16T22:06,FAT_BURN,1
2021-06-16T22:07,CARDIO,2
2021-06-16T22:08,FAT_BURN,1
2021-06-16T22:09,FAT_BURN,1
2021-06-16T22:10,FAT_BURN,1
2021-06-16T22:11,FAT_BURN,1
2021-06-16T22:12,FAT_BURN,1
2021-06-16T22:13,FAT_BURN,1
2021-06-16T22:14,FAT_BURN,1
2021-06-16T22:15,FAT_BURN,1
2021-06-16T22:16,FAT_BURN,1
2021-06-16T22:17,FAT_BURN,1
2021-06-16T22:18,FAT_BURN,1
2021-06-16T22:19,FAT_BURN,1
2021-06-16T22:20,FAT_BURN,1
2021-06-16T22:21,FAT_BURN,1
2021-06-16T22:22,FAT_BURN,1
2021-06-16T22:23,FAT_BURN,1
2021-06-16T22:24,CARDIO,2
2021-06-16T22:25,CARDIO,2
2021-06-16T22:26,CARDIO,2
2021-06-16T22:27,FAT_BURN,1
2021-06-16T22:28,FAT_BURN,1
2021-06-16T22:29,FAT_BURN,1
2021-06-16T22:30,FAT_BURN,1
2021-06-16T22:31,FAT_BURN,1
2021-06-16T22:32,FAT_BURN,1
2021-06-16T22:33,FAT_BURN,1
2021-06-16T22:34,FAT_BURN,1
2021-06-16T22:35,FAT_BURN,1
2021-06-16T22:36,FAT_BURN,1
2021-06-16T22:37,FAT_BURN,1
2021-06-16T22:38,FAT_BURN,1
2021-06-16T22:39,FAT_BURN,1
2021-06-16T22:40,FAT_BURN,1
2021-06-16T22:41,FAT_BURN,1
2021-06-16T22:42,FAT_BURN,1
2021-06-16T22:44,FAT_BURN,1
2021-06-16T22:45,FAT_BURN,1
2021-06-16T22:46,FAT_BURN,1
2021-06-16T22:56,FAT_BURN,1
2021-06-16T23:13,FAT_BURN,1
2021-06-16T23:20,FAT_BURN,1
2021-06-17T20:31,FAT_BURN,1
2021-06-17T20:32,FAT_BURN,1
2021-06-17T20:33,FAT_BURN,1
2021-06-17T20:34,FAT_BURN,1
2021-06-17T20:35,FAT_BURN,1
2021-06-17T20:36,FAT_BURN,1
2021-06-17T20:37,FAT_BURN,1
2021-06-17T20:38,FAT_BURN,1
2021-06-17T20:39,FAT_BURN,1
2021-06-17T20:40,FAT_BURN,1
2021-06-17T20:41,FAT_BURN,1
2021-06-17T20:42,FAT_BURN,1
2021-06-17T20:43,FAT_BURN,1
2021-06-17T20:44,FAT_BURN,1
2021-06-17T20:45,FAT_BURN,1
2021-06-17T20:46,FAT_BURN,1
2021-06-17T20:47,FAT_BURN,1
2021-06-17T20:48,FAT_BURN,1
2021-06-17T20:49,FAT_BURN,1
2021-06-17T20:50,FAT_BURN,1
2021-06-17T20:51,FAT_BURN,1
2021-06-17T20:52,FAT_BURN,1
2021-06-17T20:54,FAT_BURN,1
2021-06-17T20:55,CARDIO,2
2021-06-17T20:56,FAT_BURN,1
2021-06-17T20:57,CARDIO,2
2021-06-17T20:58,FAT_BURN,1
2021-06-17T20:59,FAT_BURN,1
2021-06-17T21:00,FAT_BURN,1
2021-06-17T21:01,CARDIO,2
2021-06-17T21:02,FAT_BURN,1
2021-06-17T21:03,FAT_BURN,1
2021-06-17T21:04,FAT_BURN,1
2021-06-17T21:05,FAT_BURN,1
2021-06-17T21:06,FAT_BURN,1
2021-06-17T21:07,FAT_BURN,1
2021-06-17T21:08,FAT_BURN,1
2021-06-17T21:09,FAT_BURN,1
2021-06-17T21:10,FAT_BURN,1
2021-06-17T21:11,FAT_BURN,1
2021-06-17T21:12,FAT_BURN,1
2021-06-17T21:13,FAT_BURN,1
2021-06-17T21:14,FAT_BURN,1
2021-06-17T21:15,FAT_BURN,1
2021-06-17T21:16,FAT_BURN,1
2021-06-17T21:17,FAT_BURN,1
2021-06-17T21:18,FAT_BURN,1
2021-06-17T21:19,FAT_BURN,1
2021-06-17T21:20,FAT_BURN,1
2021-06-17T21:21,FAT_BURN,1
2021-06-17T21:22,FAT_BURN,1
2021-06-17T21:23,FAT_BURN,1
2021-06-17T22:52,FAT_BURN,1
2021-06-17T22:54,FAT_BURN,1
2021-06-17T22:58,FAT_BURN,1
2021-06-17T22:59,FAT_BURN,1
2021-06-17T23:04,FAT_BURN,1
2021-06-17T23:05,FAT_BURN,1
2021-06-17T23:06,FAT_BURN,1
2021-06-17T23:07,FAT_BURN,1
2021-06-17T23:08,FAT_BURN,1
2021-06-17T23:09,FAT_BURN,1
2021-06-17T23:10,FAT_BURN,1
2021-06-17T23:11,FAT_BURN,1
2021-06-17T23:14,FAT_BURN,1
2021-06-17T23:16,FAT_BURN,1
2021-06-17T23:20,FAT_BURN,1
2021-06-18T08:34,FAT_BURN,1
2021-06-18T08:35,FAT_BURN,1
2021-06-18T08:36,FAT_BURN,1
2021-06-18T08:37,FAT_BURN,1
2021-06-18T08:38,FAT_BURN,1
2021-06-18T08:39,FAT_BURN,1
2021-06-18T08:41,FAT_BURN,1
2021-06-18T08:42,FAT_BURN,1
2021-06-18T08:43,FAT_BURN,1
2021-06-18T08:44,FAT_BURN,1
2021-06-18T08:45,FAT_BURN,1
2021-06-18T08:46,FAT_BURN,1
2021-06-18T08:47,FAT_BURN,1
2021-06-18T08:48,FAT_BURN,1
2021-06-18T08:49,FAT_BURN,1
2021-06-18T11:51,FAT_BURN,1
2021-06-18T11:54,FAT_BURN,1
2021-06-18T12:15,FAT_BURN,1
2021-06-18T12:16,FAT_BURN,1
2021-06-18T12:17,FAT_BURN,1
2021-06-18T12:18,FAT_BURN,1
2021-06-18T12:19,FAT_BURN,1
2021-06-18T12:20,FAT_BURN,1
2021-06-18T12:21,FAT_BURN,1
2021-06-18T12:22,FAT_BURN,1
2021-06-18T12:23,FAT_BURN,1
2021-06-18T12:24,FAT_BURN,1
2021-06-18T12:25,FAT_BURN,1
2021-06-18T15:02,FAT_BURN,1
2021-06-18T15:05,FAT_BURN,1
2021-06-18T15:06,FAT_BURN,1
2021-06-18T15:09,FAT_BURN,1
2021-06-18T15:14,FAT_BURN,1
2021-06-18T15:15,FAT_BURN,1
2021-06-18T15:18,FAT_BURN,1
2021-06-18T15:19,FAT_BURN,1
2021-06-18T15:21,FAT_BURN,1
2021-06-18T15:29,FAT_BURN,1
2021-06-18T17:24,FAT_BURN,1
2021-06-18T17:25,FAT_BURN,1
2021-06-18T17:28,CARDIO,2
2021-06-18T17:29,CARDIO,2
2021-06-18T17:30,CARDIO,2
2021-06-18T17:31,CARDIO,2
2021-06-18T17:32,CARDIO,2
2021-06-18T17:33,CARDIO,2
2021-06-18T17:34,CARDIO,2
2021-06-18T17:35,CARDIO,2
2021-06-18T17:36,CARDIO,2
2021-06-18T17:37,CARDIO,2
2021-06-18T17:38,CARDIO,2
2021-06-18T17:39,CARDIO,2
2021-06-18T17:40,CARDIO,2
2021-06-18T17:41,CARDIO,2
2021-06-18T17:42,CARDIO,2
2021-06-18T17:43,CARDIO,2
2021-06-18T17:44,FAT_BURN,1
2021-06-18T17:45,FAT_BURN,1
2021-06-18T17:46,FAT_BURN,1
2021-06-18T17:47,FAT_BURN,1
2021-06-18T17:48,FAT_BURN,1
2021-06-18T17:49,FAT_BURN,1
2021-06-18T17:50,FAT_BURN,1
2021-06-18T17:51,FAT_BURN,1
2021-06-18T18:43,FAT_BURN,1
2021-06-18T18:44,FAT_BURN,1
2021-06-18T18:45,FAT_BURN,1
2021-06-18T19:16,FAT_BURN,1
2021-06-19T11:41,FAT_BURN,1
2021-06-19T11:42,FAT_BURN,1
2021-06-19T13:23,FAT_BURN,1
2021-06-19T13:25,FAT_BURN,1
2021-06-19T13:26,FAT_BURN,1
2021-06-19T13:27,FAT_BURN,1
2021-06-19T13:28,FAT_BURN,1
2021-06-19T13:31,FAT_BURN,1
2021-06-19T13:32,FAT_BURN,1
2021-06-19T13:33,FAT_BURN,1
2021-06-19T13:42,FAT_BURN,1
2021-06-19T13:46,FAT_BURN,1
2021-06-19T13:47,FAT_BURN,1
2021-06-19T13:48,FAT_BURN,1
2021-06-19T13:49,FAT_BURN,1
2021-06-19T13:50,FAT_BURN,1
2021-06-19T13:51,FAT_BURN,1
2021-06-19T13:52,FAT_BURN,1
2021-06-19T13:53,FAT_BURN,1
2021-06-19T13:56,FAT_BURN,1
2021-06-19T13:57,FAT_BURN,1
2021-06-19T13:58,FAT_BURN,1
2021-06-19T13:59,FAT_BURN,1
2021-06-19T14:00,FAT_BURN,1
2021-06-19T14:01,FAT_BURN,1
2021-06-19T14:02,FAT_BURN,1
2021-06-19T14:03,FAT_BURN,1
2021-06-19T14:04,FAT_BURN,1
2021-06-19T14:05,FAT_BURN,1
2021-06-19T14:06,FAT_BURN,1
2021-06-19T14:07,FAT_BURN,1
2021-06-19T14:08,FAT_BURN,1
2021-06-19T14:09,FAT_BURN,1
2021-06-19T14:10,FAT_BURN,1
2021-06-19T14:12,FAT_BURN,1
2021-06-19T15:29,FAT_BURN,1
2021-06-19T15:36,FAT_BURN,1
2021-06-19T15:37,FAT_BURN,1
2021-06-19T15:38,FAT_BURN,1
2021-06-19T15:39,FAT_BURN,1
2021-06-19T15:40,FAT_BURN,1
2021-06-19T15:47,FAT_BURN,1
2021-06-19T15:48,FAT_BURN,1
2021-06-19T15:49,PEAK,2
2021-06-19T15:50,CARDIO,2
2021-06-19T15:51,CARDIO,2
2021-06-19T15:52,CARDIO,2
2021-06-19T15:53,CARDIO,2
2021-06-19T15:54,CARDIO,2
2021-06-19T15:55,CARDIO,2
2021-06-19T15:56,CARDIO,2
2021-06-19T15:57,FAT_BURN,1
2021-06-19T15:58,FAT_BURN,1
2021-06-19T15:59,FAT_BURN,1
2021-06-19T16:00,FAT_BURN,1
2021-06-19T16:01,FAT_BURN,1
2021-06-19T16:02,FAT_BURN,1
2021-06-19T16:04,FAT_BURN,1
2021-06-19T16:05,FAT_BURN,1
2021-06-19T16:16,FAT_BURN,1
2021-06-19T16:48,FAT_BURN,1
2021-06-19T16:49,FAT_BURN,1
2021-06-19T16:51,CARDIO,2
2021-06-19T16:52,CARDIO,2
2021-06-19T16:53,PEAK,2
2021-06-19T16:54,PEAK,2
2021-06-19T16:55,CARDIO,2
2021-06-19T16:56,CARDIO,2
2021-06-19T16:57,CARDIO,2
2021-06-19T16:58,CARDIO,2
2021-06-19T16:59,CARDIO,2
2021-06-19T17:00,CARDIO,2
2021-06-19T17:01,CARDIO,2
2021-06-19T17:02,CARDIO,2
2021-06-19T17:03,CARDIO,2
2021-06-19T17:04,CARDIO,2
2021-06-19T17:05,CARDIO,2
2021-06-19T17:06,CARDIO,2
2021-06-19T17:07,CARDIO,2
2021-06-19T17:08,CARDIO,2
2021-06-19T17:09,CARDIO,2
2021-06-19T17:10,CARDIO,2
2021-06-19T17:11,CARDIO,2
2021-06-19T17:12,CARDIO,2
2021-06-19T17:13,FAT_BURN,1
2021-06-19T17:14,FAT_BURN,1
2021-06-19T17:17,FAT_BURN,1
2021-06-19T17:18,FAT_BURN,1
2021-06-19T17:19,FAT_BURN,1
2021-06-19T17:20,FAT_BURN,1
2021-06-19T17:21,FAT_BURN,1
2021-06-19T17:22,FAT_BURN,1
2021-06-19T17:34,FAT_BURN,1
2021-06-19T17:46,FAT_BURN,1
2021-06-19T17:47,FAT_BURN,1
2021-06-19T17:50,FAT_BURN,1
2021-06-19T17:51,FAT_BURN,1
2021-06-19T17:52,CARDIO,2
2021-06-19T17:53,CARDIO,2
2021-06-19T17:54,CARDIO,2
2021-06-19T17:55,CARDIO,2
2021-06-19T17:56,CARDIO,2
2021-06-19T17:57,FAT_BURN,1
2021-06-19T17:58,FAT_BURN,1
2021-06-19T17:59,FAT_BURN,1
2021-06-19T18:02,FAT_BURN,1
2021-06-19T18:03,FAT_BURN,1
2021-06-19T18:04,FAT_BURN,1
2021-06-19T18:05,FAT_BURN,1
2021-06-19T18:06,CARDIO,2
2021-06-19T18:07,CARDIO,2
2021-06-19T18:08,CARDIO,2
2021-06-19T18:09,CARDIO,2
2021-06-19T18:10,CARDIO,2
2021-06-19T18:11,CARDIO,2
2021-06-19T18:12,CARDIO,2
2021-06-19T18:13,FAT_BURN,1
2021-06-19T18:14,FAT_BURN,1
2021-06-19T18:15,FAT_BURN,1
2021-06-19T18:16,FAT_BURN,1
2021-06-19T18:21,FAT_BURN,1
2021-06-19T18:33,FAT_BURN,1
2021-06-19T18:56,FAT_BURN,1
2021-06-19T18:57,FAT_BURN,1
2021-06-19T18:58,FAT_BURN,1
2021-06-19T19:06,FAT_BURN,1
2021-06-19T19:07,FAT_BURN,1
2021-06-19T19:08,FAT_BURN,1
2021-06-19T21:54,FAT_BURN,1
2021-06-19T23:08,FAT_BURN,1
2021-06-19T23:11,FAT_BURN,1
2021-06-19T23:13,FAT_BURN,1
2021-06-19T23:14,CARDIO,2
2021-06-19T23:15,CARDIO,2
2021-06-19T23:16,CARDIO,2
2021-06-19T23:17,CARDIO,2
2021-06-19T23:18,CARDIO,2
2021-06-19T23:19,CARDIO,2
2021-06-19T23:20,CARDIO,2
2021-06-19T23:22,CARDIO,2
2021-06-19T23:23,FAT_BURN,1
2021-06-19T23:25,CARDIO,2
2021-06-19T23:26,CARDIO,2
2021-06-19T23:27,FAT_BURN,1
2021-06-19T23:28,FAT_BURN,1
2021-06-19T23:29,FAT_BURN,1
2021-06-19T23:30,FAT_BURN,1
2021-06-19T23:31,FAT_BURN,1
2021-06-19T23:32,FAT_BURN,1
2021-06-19T23:52,FAT_BURN,1
2021-06-20T00:40,FAT_BURN,1
2021-06-20T00:41,FAT_BURN,1
2021-06-20T00:42,FAT_BURN,1
2021-06-20T00:43,FAT_BURN,1
2021-06-20T00:44,FAT_BURN,1
2021-06-20T00:47,FAT_BURN,1
2021-06-20T00:48,FAT_BURN,1
2021-06-20T00:49,FAT_BURN,1
2021-06-20T00:53,CARDIO,2
2021-06-20T00:54,FAT_BURN,1
2021-06-20T00:55,CARDIO,2
2021-06-20T00:56,CARDIO,2
2021-06-20T00:57,CARDIO,2
2021-06-20T00:58,CARDIO,2
2021-06-20T00:59,CARDIO,2
2021-06-20T01:13,FAT_BURN,1
2021-06-20T15:09,FAT_BURN,1
2021-06-20T15:11,FAT_BURN,1
2021-06-20T15:12,FAT_BURN,1
2021-06-20T15:13,FAT_BURN,1
2021-06-20T15:14,FAT_BURN,1
2021-06-20T15:15,FAT_BURN,1
2021-06-20T15:16,FAT_BURN,1
2021-06-20T15:17,FAT_BURN,1
2021-06-20T15:19,FAT_BURN,1
2021-06-20T15:20,FAT_BURN,1
2021-06-20T15:21,FAT_BURN,1
2021-06-20T15:22,FAT_BURN,1
2021-06-20T15:23,FAT_BURN,1
2021-06-20T15:24,FAT_BURN,1
2021-06-20T15:25,FAT_BURN,1
2021-06-20T15:26,FAT_BURN,1
2021-06-20T15:27,FAT_BURN,1
2021-06-20T15:28,FAT_BURN,1
2021-06-20T15:29,FAT_BURN,1
2021-06-20T15:30,FAT_BURN,1
2021-06-20T15:31,FAT_BURN,1
2021-06-20T15:32,FAT_BURN,1
2021-06-20T15:33,FAT_BURN,1
2021-06-20T15:34,FAT_BURN,1
2021-06-20T15:35,FAT_BURN,1
2021-06-20T15:36,FAT_BURN,1
2021-06-20T15:37,FAT_BURN,1
2021-06-20T15:38,FAT_BURN,1
2021-06-20T15:39,FAT_BURN,1
2021-06-20T15:40,FAT_BURN,1
2021-06-20T15:41,FAT_BURN,1
2021-06-20T15:42,FAT_BURN,1
2021-06-20T15:43,FAT_BURN,1
2021-06-20T15:44,FAT_BURN,1
2021-06-20T15:45,FAT_BURN,1
2021-06-20T15:46,FAT_BURN,1
2021-06-20T15:47,FAT_BURN,1
2021-06-20T15:48,FAT_BURN,1
2021-06-20T15:49,FAT_BURN,1
2021-06-20T15:50,FAT_BURN,1
2021-06-20T15:51,FAT_BURN,1
2021-06-20T15:52,FAT_BURN,1
2021-06-20T15:53,FAT_BURN,1
2021-06-20T15:54,FAT_BURN,1
2021-06-20T15:55,FAT_BURN,1
2021-06-20T15:56,FAT_BURN,1
2021-06-20T15:57,FAT_BURN,1
2021-06-20T15:58,FAT_BURN,1
2021-06-20T15:59,FAT_BURN,1
2021-06-20T16:00,FAT_BURN,1
2021-06-20T16:01,FAT_BURN,1
2021-06-20T16:02,FAT_BURN,1
2021-06-20T16:03,FAT_BURN,1
2021-06-20T16:04,FAT_BURN,1
2021-06-20T16:05,FAT_BURN,1
2021-06-20T16:06,FAT_BURN,1
2021-06-20T16:07,FAT_BURN,1
2021-06-20T16:08,FAT_BURN,1
2021-06-20T16:09,FAT_BURN,1
2021-06-20T16:10,FAT_BURN,1
2021-06-20T16:11,FAT_BURN,1
2021-06-20T16:12,FAT_BURN,1
2021-06-20T16:13,FAT_BURN,1
2021-06-20T16:14,FAT_BURN,1
2021-06-20T16:15,FAT_BURN,1
2021-06-20T16:16,FAT_BURN,1
2021-06-20T16:17,FAT_BURN,1
2021-06-20T16:18,FAT_BURN,1
2021-06-20T16:19,FAT_BURN,1
2021-06-20T16:20,FAT_BURN,1
2021-06-20T16:21,FAT_BURN,1
2021-06-20T16:22,FAT_BURN,1
2021-06-20T16:23,FAT_BURN,1
2021-06-20T18:35,FAT_BURN,1
2021-06-21T17:11,FAT_BURN,1
2021-06-21T17:12,FAT_BURN,1
2021-06-21T17:17,FAT_BURN,1
2021-06-21T17:18,FAT_BURN,1
2021-06-21T17:19,FAT_BURN,1
2021-06-21T17:29,FAT_BURN,1
2021-06-21T17:33,FAT_BURN,1
2021-06-21T17:35,FAT_BURN,1
2021-06-21T17:36,FAT_BURN,1
2021-06-21T17:37,FAT_BURN,1
2021-06-21T17:38,FAT_BURN,1
2021-06-21T17:43,FAT_BURN,1
2021-06-21T17:44,FAT_BURN,1
2021-06-21T17:47,FAT_BURN,1
2021-06-21T17:50,FAT_BURN,1
2021-06-21T17:55,FAT_BURN,1
2021-06-21T17:56,FAT_BURN,1
2021-06-21T17:57,FAT_BURN,1
2021-06-21T17:58,FAT_BURN,1
2021-06-21T17:59,FAT_BURN,1
2021-06-21T18:00,FAT_BURN,1
2021-06-21T18:01,FAT_BURN,1
2021-06-21T18:06,FAT_BURN,1
2021-06-21T18:13,FAT_BURN,1
2021-06-21T18:14,FAT_BURN,1
2021-06-21T18:16,FAT_BURN,1
2021-06-21T18:17,FAT_BURN,1
2021-06-21T20:44,FAT_BURN,1
2021-06-21T20:45,FAT_BURN,1
2021-06-21T21:06,FAT_BURN,1
2021-06-21T21:11,FAT_BURN,1
2021-06-21T21:12,FAT_BURN,1
2021-06-22T15:26,FAT_BURN,1
2021-06-22T15:27,FAT_BURN,1
2021-06-22T16:01,FAT_BURN,1
2021-06-22T16:16,FAT_BURN,1
2021-06-22T16:19,FAT_BURN,1
2021-06-22T16:28,FAT_BURN,1
2021-06-22T16:29,FAT_BURN,1
2021-06-22T16:35,FAT_BURN,1
2021-06-22T17:08,FAT_BURN,1
2021-06-22T17:09,FAT_BURN,1
2021-06-22T18:36,FAT_BURN,1
2021-06-22T18:51,FAT_BURN,1
2021-06-22T19:07,FAT_BURN,1
2021-06-22T19:09,FAT_BURN,1
2021-06-22T19:10,FAT_BURN,1
2021-06-22T19:11,FAT_BURN,1
2021-06-22T19:48,FAT_BURN,1
2021-06-22T19:49,FAT_BURN,1
2021-06-22T19:50,FAT_BURN,1
2021-06-22T20:29,FAT_BURN,1
2021-06-22T20:30,FAT_BURN,1
2021-06-22T20:31,FAT_BURN,1
2021-06-22T20:32,FAT_BURN,1
2021-06-22T20:33,FAT_BURN,1
2021-06-22T20:34,FAT_BURN,1
2021-06-22T20:35,FAT_BURN,1
2021-06-22T20:42,FAT_BURN,1
2021-06-22T20:43,FAT_BURN,1
2021-06-22T20:44,CARDIO,2
2021-06-22T20:45,FAT_BURN,1
2021-06-22T20:46,PEAK,2
2021-06-22T20:47,PEAK,2
2021-06-22T20:48,PEAK,2
2021-06-22T20:49,PEAK,2
2021-06-22T20:50,PEAK,2
2021-06-22T20:51,CARDIO,2
2021-06-22T20:53,FAT_BURN,1
2021-06-22T20:54,CARDIO,2
2021-06-22T20:55,PEAK,2
2021-06-22T20:56,CARDIO,2
2021-06-22T20:57,CARDIO,2
2021-06-22T20:58,CARDIO,2
2021-06-22T22:13,FAT_BURN,1
2021-06-22T22:14,FAT_BURN,1
2021-06-22T22:15,FAT_BURN,1
2021-06-22T22:16,FAT_BURN,1
2021-06-22T22:20,FAT_BURN,1
2021-06-22T22:21,FAT_BURN,1
2021-06-22T22:22,FAT_BURN,1
2021-06-22T22:23,FAT_BURN,1
2021-06-22T22:26,FAT_BURN,1
2021-06-22T22:27,FAT_BURN,1
2021-06-22T22:29,CARDIO,2
2021-06-22T22:30,FAT_BURN,1
2021-06-22T22:32,FAT_BURN,1
2021-06-22T22:33,FAT_BURN,1
2021-06-22T22:34,FAT_BURN,1
2021-06-22T22:49,FAT_BURN,1
2021-06-22T22:51,FAT_BURN,1
2021-06-22T22:52,FAT_BURN,1
2021-06-22T22:53,FAT_BURN,1
2021-06-22T22:54,FAT_BURN,1
2021-06-22T22:55,FAT_BURN,1
2021-06-22T23:09,FAT_BURN,1
2021-06-22T23:11,FAT_BURN,1
2021-06-22T23:17,FAT_BURN,1
2021-06-22T23:23,FAT_BURN,1
2021-06-22T23:24,FAT_BURN,1
2021-06-22T23:31,FAT_BURN,1
2021-06-22T23:34,FAT_BURN,1
2021-06-22T23:35,FAT_BURN,1
2021-06-22T23:36,FAT_BURN,1
2021-06-22T23:37,FAT_BURN,1
2021-06-22T23:38,FAT_BURN,1
2021-06-22T23:39,FAT_BURN,1
2021-06-22T23:40,FAT_BURN,1
2021-06-22T23:41,FAT_BURN,1
2021-06-22T23:42,FAT_BURN,1
2021-06-22T23:43,FAT_BURN,1
2021-06-22T23:44,FAT_BURN,1
2021-06-22T23:52,FAT_BURN,1
2021-06-22T23:53,FAT_BURN,1
2021-06-22T23:54,FAT_BURN,1
2021-06-23T00:41,FAT_BURN,1
2021-06-23T00:42,FAT_BURN,1
2021-06-23T01:11,FAT_BURN,1
2021-06-23T08:32,FAT_BURN,1
2021-06-23T08:33,FAT_BURN,1
2021-06-23T08:34,FAT_BURN,1
2021-06-23T08:35,FAT_BURN,1
2021-06-23T08:36,FAT_BURN,1
2021-06-23T08:40,FAT_BURN,1
2021-06-23T08:41,FAT_BURN,1
2021-06-23T11:54,FAT_BURN,1
2021-06-23T11:56,FAT_BURN,1
2021-06-23T12:07,FAT_BURN,1
2021-06-23T12:11,FAT_BURN,1
2021-06-23T15:37,FAT_BURN,1
2021-06-23T15:38,FAT_BURN,1
2021-06-23T15:42,FAT_BURN,1
2021-06-23T15:43,FAT_BURN,1
2021-06-23T15:44,FAT_BURN,1
2021-06-23T15:45,FAT_BURN,1
2021-06-23T15:46,FAT_BURN,1
2021-06-24T15:43,FAT_BURN,1
2021-06-24T17:10,FAT_BURN,1
2021-06-24T17:43,FAT_BURN,1
2021-06-24T17:44,FAT_BURN,1
2021-06-24T17:46,FAT_BURN,1
2021-06-24T17:47,FAT_BURN,1
2021-06-24T17:48,FAT_BURN,1
2021-06-24T17:49,FAT_BURN,1
2021-06-24T17:50,FAT_BURN,1
2021-06-24T17:51,FAT_BURN,1
2021-06-24T17:52,FAT_BURN,1
2021-06-24T17:53,FAT_BURN,1
2021-06-24T17:54,FAT_BURN,1
2021-06-24T17:55,FAT_BURN,1
2021-06-24T17:56,FAT_BURN,1
2021-06-24T17:57,FAT_BURN,1
2021-06-24T17:58,FAT_BURN,1
2021-06-24T18:01,FAT_BURN,1
2021-06-24T18:02,FAT_BURN,1
2021-06-24T18:03,FAT_BURN,1
2021-06-24T18:04,FAT_BURN,1
2021-06-24T18:05,FAT_BURN,1
2021-06-24T18:06,FAT_BURN,1
2021-06-24T18:07,FAT_BURN,1
2021-06-24T18:08,FAT_BURN,1
2021-06-24T18:09,FAT_BURN,1
2021-06-24T18:10,FAT_BURN,1
2021-06-24T18:11,FAT_BURN,1
2021-06-24T18:12,FAT_BURN,1
2021-06-24T18:13,FAT_BURN,1
2021-06-24T18:14,FAT_BURN,1
2021-06-24T18:15,FAT_BURN,1
2021-06-24T18:16,FAT_BURN,1
2021-06-24T18:17,FAT_BURN,1
2021-06-24T18:18,FAT_BURN,1
2021-06-24T18:19,FAT_BURN,1
2021-06-24T18:20,FAT_BURN,1
2021-06-24T18:21,FAT_BURN,1
2021-06-24T18:22,FAT_BURN,1
2021-06-24T18:23,FAT_BURN,1
2021-06-24T18:24,FAT_BURN,1
2021-06-24T18:26,FAT_BURN,1
2021-06-24T18:27,FAT_BURN,1
2021-06-24T18:29,FAT_BURN,1
2021-06-24T18:30,FAT_BURN,1
2021-06-24T18:31,FAT_BURN,1
2021-06-24T18:32,FAT_BURN,1
2021-06-24T18:36,FAT_BURN,1
2021-06-24T18:37,FAT_BURN,1
2021-06-24T18:38,FAT_BURN,1
2021-06-24T18:39,FAT_BURN,1
2021-06-24T18:40,FAT_BURN,1
2021-06-24T18:41,FAT_BURN,1
2021-06-24T18:42,FAT_BURN,1
2021-06-24T18:43,FAT_BURN,1
2021-06-24T18:44,FAT_BURN,1
2021-06-24T18:45,FAT_BURN,1
2021-06-24T18:46,FAT_BURN,1
2021-06-24T18:47,FAT_BURN,1
2021-06-24T18:48,FAT_BURN,1
2021-06-24T18:49,FAT_BURN,1
2021-06-24T18:50,FAT_BURN,1
2021-06-24T18:51,FAT_BURN,1
2021-06-24T18:52,FAT_BURN,1
2021-06-24T18:55,FAT_BURN,1
2021-06-24T18:56,FAT_BURN,1
2021-06-24T18:57,FAT_BURN,1
2021-06-24T18:58,FAT_BURN,1
2021-06-24T18:59,FAT_BURN,1
2021-06-24T19:00,FAT_BURN,1
2021-06-24T19:01,FAT_BURN,1
2021-06-24T19:02,FAT_BURN,1
2021-06-24T19:03,FAT_BURN,1
2021-06-24T19:04,FAT_BURN,1
2021-06-24T19:05,FAT_BURN,1
2021-06-24T19:06,FAT_BURN,1
2021-06-25T12:27,CARDIO,2
2021-06-25T12:29,FAT_BURN,1
2021-06-25T13:45,FAT_BURN,1
2021-06-25T13:46,FAT_BURN,1
2021-06-25T13:47,FAT_BURN,1
2021-06-25T13:48,FAT_BURN,1
2021-06-25T13:49,FAT_BURN,1
2021-06-25T13:56,FAT_BURN,1
2021-06-25T13:57,FAT_BURN,1
2021-06-25T13:58,FAT_BURN,1
2021-06-25T13:59,FAT_BURN,1
2021-06-25T14:00,FAT_BURN,1
2021-06-25T14:01,CARDIO,2
2021-06-25T14:02,CARDIO,2
2021-06-25T14:03,CARDIO,2
2021-06-25T14:04,CARDIO,2
2021-06-25T14:05,CARDIO,2
2021-06-25T14:06,CARDIO,2
2021-06-25T14:07,FAT_BURN,1
2021-06-25T14:09,CARDIO,2
2021-06-25T14:10,CARDIO,2
2021-06-25T14:11,CARDIO,2
2021-06-25T14:12,CARDIO,2
2021-06-25T14:13,CARDIO,2
2021-06-25T14:14,CARDIO,2
2021-06-25T14:15,CARDIO,2
2021-06-25T14:16,CARDIO,2
2021-06-25T14:17,FAT_BURN,1
2021-06-25T14:22,FAT_BURN,1
2021-06-25T14:30,FAT_BURN,1
2021-06-25T14:45,FAT_BURN,1
2021-06-25T15:15,FAT_BURN,1
2021-06-25T18:33,FAT_BURN,1
2021-06-25T18:34,FAT_BURN,1
2021-06-25T18:35,FAT_BURN,1
2021-06-25T18:36,FAT_BURN,1
2021-06-25T18:52,FAT_BURN,1
2021-06-25T18:53,FAT_BURN,1
2021-06-25T18:54,FAT_BURN,1
2021-06-25T18:56,FAT_BURN,1
2021-06-25T18:57,FAT_BURN,1
2021-06-25T18:59,FAT_BURN,1
2021-06-25T19:00,FAT_BURN,1
2021-06-25T21:35,FAT_BURN,1
2021-06-26T10:22,FAT_BURN,1
2021-06-26T10:23,FAT_BURN,1
2021-06-26T10:30,FAT_BURN,1
2021-06-26T10:31,FAT_BURN,1
2021-06-26T13:19,FAT_BURN,1
2021-06-26T13:20,FAT_BURN,1
2021-06-26T13:24,FAT_BURN,1
2021-06-26T13:25,FAT_BURN,1
2021-06-26T13:26,FAT_BURN,1
2021-06-26T13:27,FAT_BURN,1
2021-06-26T13:28,FAT_BURN,1
2021-06-26T13:29,FAT_BURN,1
2021-06-26T13:30,FAT_BURN,1
2021-06-26T13:31,FAT_BURN,1
2021-06-26T13:32,FAT_BURN,1
2021-06-26T13:33,FAT_BURN,1
2021-06-26T13:34,FAT_BURN,1
2021-06-26T13:35,FAT_BURN,1
2021-06-26T13:36,FAT_BURN,1
2021-06-26T13:37,FAT_BURN,1
2021-06-26T13:38,FAT_BURN,1
2021-06-26T13:39,FAT_BURN,1
2021-06-26T13:40,FAT_BURN,1
2021-06-26T13:41,FAT_BURN,1
2021-06-26T13:42,FAT_BURN,1
2021-06-26T13:43,FAT_BURN,1
2021-06-26T13:44,FAT_BURN,1
2021-06-26T13:45,FAT_BURN,1
2021-06-26T13:46,FAT_BURN,1
2021-06-26T13:47,FAT_BURN,1
2021-06-26T13:48,FAT_BURN,1
2021-06-26T13:49,FAT_BURN,1
2021-06-26T13:50,FAT_BURN,1
2021-06-26T13:51,FAT_BURN,1
2021-06-26T13:52,FAT_BURN,1
2021-06-26T13:53,FAT_BURN,1
2021-06-26T13:54,FAT_BURN,1
2021-06-26T13:55,FAT_BURN,1
2021-06-26T13:56,FAT_BURN,1
2021-06-26T13:57,FAT_BURN,1
2021-06-26T13:58,FAT_BURN,1
2021-06-26T13:59,FAT_BURN,1
2021-06-26T14:00,FAT_BURN,1
2021-06-26T14:01,FAT_BURN,1
2021-06-26T14:02,FAT_BURN,1
2021-06-26T14:03,FAT_BURN,1
2021-06-26T14:04,FAT_BURN,1
2021-06-26T14:05,FAT_BURN,1
2021-06-26T14:06,FAT_BURN,1
2021-06-26T14:07,FAT_BURN,1
2021-06-26T14:08,FAT_BURN,1
2021-06-26T14:09,FAT_BURN,1
2021-06-26T14:10,FAT_BURN,1
2021-06-26T14:11,FAT_BURN,1
2021-06-26T14:12,FAT_BURN,1
2021-06-26T14:13,FAT_BURN,1
2021-06-26T14:14,FAT_BURN,1
2021-06-26T14:15,FAT_BURN,1
2021-06-26T14:16,FAT_BURN,1
2021-06-26T14:17,FAT_BURN,1
2021-06-26T14:18,FAT_BURN,1
2021-06-26T14:19,FAT_BURN,1
2021-06-26T14:20,FAT_BURN,1
2021-06-26T14:21,FAT_BURN,1
2021-06-26T14:22,FAT_BURN,1
2021-06-26T14:23,FAT_BURN,1
2021-06-26T14:24,FAT_BURN,1
2021-06-26T14:25,FAT_BURN,1
2021-06-26T14:26,FAT_BURN,1
2021-06-26T14:27,FAT_BURN,1
2021-06-26T14:28,FAT_BURN,1
2021-06-26T14:29,FAT_BURN,1
2021-06-26T14:30,FAT_BURN,1
2021-06-26T14:31,FAT_BURN,1
2021-06-26T14:32,FAT_BURN,1
2021-06-26T14:33,FAT_BURN,1
2021-06-26T14:34,FAT_BURN,1
2021-06-26T14:35,FAT_BURN,1
2021-06-26T14:39,FAT_BURN,1
2021-06-26T14:41,FAT_BURN,1
2021-06-26T14:42,FAT_BURN,1
2021-06-26T14:43,FAT_BURN,1
2021-06-26T14:47,FAT_BURN,1
2021-06-26T14:48,FAT_BURN,1
2021-06-26T14:49,FAT_BURN,1
2021-06-26T17:21,FAT_BURN,1
2021-06-26T17:22,FAT_BURN,1
2021-06-26T17:23,FAT_BURN,1
2021-06-26T17:24,FAT_BURN,1
2021-06-26T17:25,FAT_BURN,1
2021-06-26T17:26,FAT_BURN,1
2021-06-26T17:27,FAT_BURN,1
2021-06-26T17:28,CARDIO,2
2021-06-26T17:29,CARDIO,2
2021-06-26T17:30,CARDIO,2
2021-06-26T17:31,CARDIO,2
2021-06-26T17:32,CARDIO,2
2021-06-26T17:33,CARDIO,2
2021-06-26T17:34,CARDIO,2
2021-06-26T17:35,CARDIO,2
2021-06-26T17:36,CARDIO,2
2021-06-26T17:37,CARDIO,2
2021-06-26T17:38,CARDIO,2
2021-06-26T17:39,CARDIO,2
2021-06-26T17:40,CARDIO,2
2021-06-26T17:41,CARDIO,2
2021-06-26T17:42,CARDIO,2
2021-06-26T17:43,CARDIO,2
2021-06-26T17:44,CARDIO,2
2021-06-26T17:45,CARDIO,2
2021-06-26T17:46,CARDIO,2
2021-06-26T17:47,CARDIO,2
2021-06-26T17:48,FAT_BURN,1
2021-06-26T17:49,FAT_BURN,1
2021-06-26T17:50,FAT_BURN,1
2021-06-26T17:51,FAT_BURN,1
2021-06-26T17:53,FAT_BURN,1
2021-06-26T17:54,FAT_BURN,1
2021-06-26T17:55,FAT_BURN,1
2021-06-26T17:58,FAT_BURN,1
2021-06-26T17:59,FAT_BURN,1
2021-06-26T18:00,FAT_BURN,1
2021-06-26T18:01,FAT_BURN,1
2021-06-26T18:02,FAT_BURN,1
2021-06-26T18:03,FAT_BURN,1
2021-06-26T18:04,FAT_BURN,1
2021-06-26T18:05,FAT_BURN,1
2021-06-26T18:06,FAT_BURN,1
2021-06-26T18:07,FAT_BURN,1
2021-06-26T18:08,FAT_BURN,1
2021-06-26T18:09,CARDIO,2
2021-06-26T18:10,FAT_BURN,1
2021-06-26T18:11,CARDIO,2
2021-06-26T18:12,CARDIO,2
2021-06-26T18:14,FAT_BURN,1
2021-06-26T18:17,FAT_BURN,1
2021-06-26T18:18,FAT_BURN,1
2021-06-26T18:19,CARDIO,2
2021-06-26T18:20,FAT_BURN,1
2021-06-26T18:21,FAT_BURN,1
2021-06-26T18:22,FAT_BURN,1
2021-06-26T18:25,FAT_BURN,1
2021-06-26T18:26,FAT_BURN,1
2021-06-26T18:27,FAT_BURN,1
2021-06-26T18:28,FAT_BURN,1
2021-06-26T18:29,FAT_BURN,1
2021-06-26T18:30,FAT_BURN,1
2021-06-26T18:34,FAT_BURN,1
2021-06-26T18:35,FAT_BURN,1
2021-06-26T18:36,FAT_BURN,1
2021-06-26T18:40,FAT_BURN,1
2021-06-26T18:42,FAT_BURN,1
2021-06-26T18:43,FAT_BURN,1
2021-06-26T18:44,FAT_BURN,1
2021-06-26T18:45,FAT_BURN,1
2021-06-26T18:46,FAT_BURN,1
2021-06-26T18:47,FAT_BURN,1
2021-06-26T18:48,FAT_BURN,1
2021-06-26T18:49,FAT_BURN,1
2021-06-26T18:50,FAT_BURN,1
2021-06-26T18:51,FAT_BURN,1
2021-06-26T18:52,FAT_BURN,1
2021-06-26T18:53,FAT_BURN,1
2021-06-26T18:58,FAT_BURN,1
2021-06-26T18:59,FAT_BURN,1
2021-06-26T19:00,FAT_BURN,1
2021-06-26T19:01,FAT_BURN,1
2021-06-26T19:02,CARDIO,2
2021-06-26T19:03,CARDIO,2
2021-06-26T19:04,FAT_BURN,1
2021-06-26T19:05,FAT_BURN,1
2021-06-26T19:06,FAT_BURN,1
2021-06-26T19:07,CARDIO,2
2021-06-26T19:08,CARDIO,2
2021-06-26T19:09,FAT_BURN,1
2021-06-26T19:10,FAT_BURN,1
2021-06-26T19:11,FAT_BURN,1
2021-06-26T19:17,CARDIO,2
2021-06-26T19:18,CARDIO,2
2021-06-26T19:19,CARDIO,2
2021-06-26T19:20,FAT_BURN,1
2021-06-26T19:21,FAT_BURN,1
2021-06-26T19:22,FAT_BURN,1
2021-06-26T19:23,FAT_BURN,1
2021-06-26T19:24,FAT_BURN,1
2021-06-26T19:25,FAT_BURN,1
2021-06-26T19:26,FAT_BURN,1
2021-06-26T19:27,FAT_BURN,1
2021-06-26T19:29,FAT_BURN,1
2021-06-26T19:32,FAT_BURN,1
2021-06-26T19:33,FAT_BURN,1
2021-06-26T19:34,FAT_BURN,1
2021-06-26T19:35,FAT_BURN,1
2021-06-26T19:37,CARDIO,2
2021-06-26T19:38,CARDIO,2
2021-06-26T19:39,CARDIO,2
2021-06-26T19:40,CARDIO,2
2021-06-26T19:41,CARDIO,2
2021-06-26T19:42,CARDIO,2
2021-06-26T19:43,FAT_BURN,1
2021-06-26T19:45,FAT_BURN,1
2021-06-26T19:46,FAT_BURN,1
2021-06-26T19:47,FAT_BURN,1
2021-06-26T19:48,FAT_BURN,1
2021-06-26T19:50,FAT_BURN,1
2021-06-26T19:51,FAT_BURN,1
2021-06-26T19:52,FAT_BURN,1
2021-06-26T19:53,FAT_BURN,1
2021-06-26T19:54,FAT_BURN,1
2021-06-26T22:03,FAT_BURN,1
2021-06-27T12:43,FAT_BURN,1
2021-06-27T12:44,FAT_BURN,1
2021-06-27T12:45,FAT_BURN,1
2021-06-27T12:46,FAT_BURN,1
2021-06-27T12:47,FAT_BURN,1
2021-06-27T12:48,FAT_BURN,1
2021-06-27T12:49,FAT_BURN,1
2021-06-27T12:50,FAT_BURN,1
2021-06-27T12:51,FAT_BURN,1
2021-06-27T12:52,FAT_BURN,1
2021-06-27T12:53,FAT_BURN,1
2021-06-27T12:54,FAT_BURN,1
2021-06-27T12:55,FAT_BURN,1
2021-06-27T12:56,FAT_BURN,1
2021-06-27T12:57,FAT_BURN,1
2021-06-27T12:58,FAT_BURN,1
2021-06-27T12:59,FAT_BURN,1
2021-06-27T13:00,FAT_BURN,1
2021-06-27T13:01,FAT_BURN,1
2021-06-27T13:02,FAT_BURN,1
2021-06-27T13:03,FAT_BURN,1
2021-06-27T13:04,FAT_BURN,1
2021-06-27T13:05,FAT_BURN,1
2021-06-27T13:06,FAT_BURN,1
2021-06-27T13:07,FAT_BURN,1
2021-06-27T13:08,FAT_BURN,1
2021-06-27T13:09,FAT_BURN,1
2021-06-27T13:10,FAT_BURN,1
2021-06-27T13:11,FAT_BURN,1
2021-06-27T13:12,FAT_BURN,1
2021-06-27T13:13,FAT_BURN,1
2021-06-27T13:14,FAT_BURN,1
2021-06-27T13:15,FAT_BURN,1
2021-06-27T13:16,FAT_BURN,1
2021-06-27T13:17,FAT_BURN,1
2021-06-27T13:18,FAT_BURN,1
2021-06-27T13:19,FAT_BURN,1
2021-06-27T13:20,FAT_BURN,1
2021-06-27T13:21,FAT_BURN,1
2021-06-27T13:22,FAT_BURN,1
2021-06-27T13:23,FAT_BURN,1
2021-06-27T13:24,FAT_BURN,1
2021-06-27T13:25,FAT_BURN,1
2021-06-27T13:26,FAT_BURN,1
2021-06-27T13:27,FAT_BURN,1
2021-06-27T13:28,FAT_BURN,1
2021-06-27T13:29,FAT_BURN,1
2021-06-27T13:30,FAT_BURN,1
2021-06-27T13:31,FAT_BURN,1
2021-06-27T13:32,FAT_BURN,1
2021-06-27T13:33,FAT_BURN,1
2021-06-27T13:34,FAT_BURN,1
2021-06-27T13:35,FAT_BURN,1
2021-06-27T13:36,FAT_BURN,1
2021-06-27T13:37,FAT_BURN,1
2021-06-27T13:38,FAT_BURN,1
2021-06-27T13:39,FAT_BURN,1
2021-06-27T13:40,CARDIO,2
2021-06-27T13:41,FAT_BURN,1
2021-06-27T13:42,FAT_BURN,1
2021-06-27T13:43,FAT_BURN,1
2021-06-27T13:44,FAT_BURN,1
2021-06-27T13:45,FAT_BURN,1
2021-06-27T13:46,FAT_BURN,1
2021-06-27T13:47,FAT_BURN,1
2021-06-27T13:48,FAT_BURN,1
2021-06-27T13:49,FAT_BURN,1
2021-06-27T13:50,FAT_BURN,1
2021-06-27T13:51,FAT_BURN,1
2021-06-27T13:52,FAT_BURN,1
2021-06-27T13:53,FAT_BURN,1
2021-06-27T13:54,FAT_BURN,1
2021-06-27T13:55,FAT_BURN,1
2021-06-27T13:56,FAT_BURN,1
2021-06-27T13:57,FAT_BURN,1
2021-06-27T13:58,FAT_BURN,1
2021-06-27T15:21,FAT_BURN,1
2021-06-27T15:45,FAT_BURN,1
2021-06-27T20:02,FAT_BURN,1
2021-06-27T20:03,FAT_BURN,1
2021-06-27T20:04,FAT_BURN,1
2021-06-27T20:05,FAT_BURN,1
2021-06-27T20:06,FAT_BURN,1
2021-06-27T20:24,FAT_BURN,1
2021-06-27T20:25,FAT_BURN,1
2021-06-27T20:27,FAT_BURN,1
2021-06-27T20:28,FAT_BURN,1
2021-06-27T20:29,FAT_BURN,1
2021-06-27T20:30,FAT_BURN,1
2021-06-27T20:31,FAT_BURN,1
2021-06-28T16:03,FAT_BURN,1
2021-06-28T18:14,FAT_BURN,1
2021-06-28T18:15,FAT_BURN,1
2021-06-28T18:16,FAT_BURN,1
2021-06-28T18:17,FAT_BURN,1
2021-06-28T18:18,FAT_BURN,1
2021-06-28T18:19,FAT_BURN,1
2021-06-28T18:20,FAT_BURN,1
2021-06-28T18:21,FAT_BURN,1
2021-06-28T18:22,FAT_BURN,1
2021-06-28T18:23,FAT_BURN,1
2021-06-28T18:24,FAT_BURN,1
2021-06-28T18:25,CARDIO,2
2021-06-28T18:26,FAT_BURN,1
2021-06-28T18:27,FAT_BURN,1
2021-06-28T18:28,FAT_BURN,1
2021-06-28T18:29,FAT_BURN,1
2021-06-28T18:30,FAT_BURN,1
2021-06-28T18:31,FAT_BURN,1
2021-06-28T18:32,CARDIO,2
2021-06-28T18:33,FAT_BURN,1
2021-06-28T18:34,FAT_BURN,1
2021-06-28T18:35,FAT_BURN,1
2021-06-28T18:36,FAT_BURN,1
2021-06-28T18:37,FAT_BURN,1
2021-06-28T18:38,FAT_BURN,1
2021-06-28T18:39,FAT_BURN,1
2021-06-28T18:40,FAT_BURN,1
2021-06-28T18:41,FAT_BURN,1
2021-06-28T18:42,FAT_BURN,1
2021-06-28T18:43,FAT_BURN,1
2021-06-28T18:44,FAT_BURN,1
2021-06-28T18:45,FAT_BURN,1
2021-06-28T18:46,FAT_BURN,1
2021-06-28T18:47,FAT_BURN,1
2021-06-28T18:48,FAT_BURN,1
2021-06-28T18:49,FAT_BURN,1
2021-06-28T18:50,FAT_BURN,1
2021-06-28T18:51,FAT_BURN,1
2021-06-28T18:52,FAT_BURN,1
2021-06-28T18:53,FAT_BURN,1
2021-06-28T18:54,FAT_BURN,1
2021-06-28T18:55,FAT_BURN,1
2021-06-28T18:56,FAT_BURN,1
2021-06-28T18:57,FAT_BURN,1
2021-06-28T18:58,FAT_BURN,1
2021-06-28T18:59,FAT_BURN,1
2021-06-28T19:00,FAT_BURN,1
2021-06-28T19:01,FAT_BURN,1
2021-06-28T19:02,FAT_BURN,1
2021-06-28T19:03,FAT_BURN,1
2021-06-28T19:04,FAT_BURN,1
2021-06-28T19:05,FAT_BURN,1
2021-06-28T19:06,FAT_BURN,1
2021-06-28T19:07,FAT_BURN,1
2021-06-28T19:08,FAT_BURN,1
2021-06-28T19:09,FAT_BURN,1
2021-06-28T19:10,FAT_BURN,1
2021-06-28T19:11,FAT_BURN,1
2021-06-28T19:12,FAT_BURN,1
2021-06-28T19:13,FAT_BURN,1
2021-06-28T19:14,FAT_BURN,1
2021-06-28T19:15,FAT_BURN,1
2021-06-28T19:16,FAT_BURN,1
2021-06-28T19:17,FAT_BURN,1
2021-06-28T19:18,FAT_BURN,1
2021-06-28T19:19,FAT_BURN,1
2021-06-28T19:20,CARDIO,2
2021-06-28T19:21,FAT_BURN,1
2021-06-28T19:22,FAT_BURN,1
2021-06-28T19:23,FAT_BURN,1
2021-06-28T19:24,FAT_BURN,1
2021-06-28T19:25,FAT_BURN,1
2021-06-28T19:26,FAT_BURN,1
2021-06-28T19:27,FAT_BURN,1
2021-06-28T19:28,FAT_BURN,1
2021-06-28T19:29,FAT_BURN,1
2021-06-28T19:30,FAT_BURN,1
2021-06-28T19:31,FAT_BURN,1
2021-06-28T19:44,FAT_BURN,1
2021-06-28T19:45,FAT_BURN,1
2021-06-28T19:51,FAT_BURN,1
2021-06-28T19:59,FAT_BURN,1
2021-06-28T20:00,FAT_BURN,1
2021-06-28T20:01,FAT_BURN,1
2021-06-28T20:04,FAT_BURN,1
2021-06-28T20:13,FAT_BURN,1
2021-06-28T20:14,FAT_BURN,1
2021-06-29T00:21,FAT_BURN,1
2021-06-29T00:22,FAT_BURN,1
2021-06-29T08:42,FAT_BURN,1
2021-06-29T08:43,FAT_BURN,1
2021-06-29T08:44,FAT_BURN,1
2021-06-29T08:46,FAT_BURN,1
2021-06-29T08:51,FAT_BURN,1
2021-06-29T08:52,FAT_BURN,1
2021-06-29T08:53,FAT_BURN,1
2021-06-29T11:48,FAT_BURN,1
2021-06-29T11:49,FAT_BURN,1
2021-06-29T11:50,FAT_BURN,1
2021-06-29T11:51,FAT_BURN,1
2021-06-29T11:52,FAT_BURN,1
2021-06-29T11:53,FAT_BURN,1
2021-06-29T11:55,FAT_BURN,1
2021-06-29T11:56,FAT_BURN,1
2021-06-29T11:57,FAT_BURN,1
2021-06-29T11:58,FAT_BURN,1
2021-06-29T11:59,FAT_BURN,1
2021-06-29T12:01,FAT_BURN,1
2021-06-29T12:02,FAT_BURN,1
2021-06-29T12:03,FAT_BURN,1
2021-06-29T13:18,FAT_BURN,1
2021-06-29T13:24,FAT_BURN,1
2021-06-29T13:25,FAT_BURN,1
2021-06-29T13:27,FAT_BURN,1
2021-06-29T13:28,FAT_BURN,1
2021-06-29T13:29,FAT_BURN,1
2021-06-29T13:30,FAT_BURN,1
2021-06-29T16:16,FAT_BURN,1
2021-06-29T16:17,FAT_BURN,1
2021-06-29T16:21,FAT_BURN,1
2021-06-29T16:24,FAT_BURN,1
2021-06-29T16:29,FAT_BURN,1
2021-06-29T16:30,FAT_BURN,1
2021-06-29T16:45,FAT_BURN,1
2021-06-29T16:46,FAT_BURN,1
2021-06-29T16:47,FAT_BURN,1
2021-06-29T16:48,FAT_BURN,1
2021-06-29T16:49,FAT_BURN,1
2021-06-29T16:50,FAT_BURN,1
2021-06-29T16:51,FAT_BURN,1
2021-06-29T16:52,FAT_BURN,1
2021-06-29T16:53,FAT_BURN,1
2021-06-29T16:54,FAT_BURN,1
2021-06-29T16:55,FAT_BURN,1
2021-06-29T16:59,FAT_BURN,1
2021-06-29T17:04,FAT_BURN,1
2021-06-29T17:05,FAT_BURN,1
2021-06-29T17:09,FAT_BURN,1
2021-06-29T17:10,FAT_BURN,1
2021-06-29T17:11,FAT_BURN,1
2021-06-29T17:12,FAT_BURN,1
2021-06-29T17:13,FAT_BURN,1
2021-06-29T17:14,FAT_BURN,1
2021-06-29T17:20,FAT_BURN,1
2021-06-29T17:50,FAT_BURN,1
2021-06-29T17:53,FAT_BURN,1
2021-06-29T17:54,FAT_BURN,1
2021-06-29T17:56,FAT_BURN,1
2021-06-29T17:57,FAT_BURN,1
2021-06-29T18:24,FAT_BURN,1
2021-06-29T18:25,FAT_BURN,1
2021-06-29T22:55,FAT_BURN,1
2021-06-30T15:08,FAT_BURN,1
2021-06-30T15:09,FAT_BURN,1
2021-06-30T15:10,FAT_BURN,1
2021-06-30T15:11,FAT_BURN,1
2021-06-30T15:25,FAT_BURN,1
2021-06-30T15:26,FAT_BURN,1
2021-06-30T15:27,FAT_BURN,1
2021-06-30T15:28,FAT_BURN,1
2021-06-30T15:30,FAT_BURN,1
2021-06-30T18:24,FAT_BURN,1
2021-06-30T18:25,FAT_BURN,1
2021-06-30T18:29,FAT_BURN,1